customer_id,business_id,name,identification,phone,email,created_at
1,1,Dr. Steven Martin,6971815972,246.787.2343x098,williamsthomas@example.net,2024-04-15 00:00:00
2,1,Tyler Miller,1798112150,+1-813-761-9399x091,james53@example.com,2024-02-01 00:00:00
3,1,Michael Evans,1311570307,599.711.8384x251,eric84@example.net,2023-09-27 00:00:00
4,1,Dr. Kendra Contreras,7676965974,+1-612-941-1824x49353,rebecca01@example.net,2023-11-09 00:00:00
5,1,Donald Smith,4311931853,+1-742-478-6801x1280,tanderson@example.com,2024-03-09 00:00:00
6,1,Rebecca Valencia,9155819200,431.458.6923,vjohnson@example.com,2023-11-15 00:00:00
7,1,Jennifer Santiago,6360837474,(616)507-3375,andrewlee@example.com,2023-10-13 00:00:00
8,1,Benjamin Ayala,7482848011,+1-785-801-4294x01965,cruzbarbara@example.com,2023-06-11 00:00:00
9,1,Jeffrey Meyer,6141226746,(415)595-1484x65648,yortega@example.net,2023-08-22 00:00:00
10,1,Carrie Carroll,4580822352,443-369-9577x7387,zachary95@example.org,2023-09-26 00:00:00
11,1,Nicole Chambers,1855256552,5038791769,jross@example.net,2024-01-02 00:00:00
12,1,Stephanie Dalton,4803044105,001-763-928-7083x17278,jrivas@example.com,2024-05-03 00:00:00
13,1,Natasha Wells,8033702319,001-487-434-7143x45581,patrickhernandez@example.org,2023-08-29 00:00:00
14,1,Jason Daniels,2785736751,,,2023-10-01 00:00:00
15,1,Jason Stein,3987248494,001-596-670-5466x88937,ytucker@example.com,2023-09-04 00:00:00
16,1,Rebecca Ramsey,8904911624,(898)406-9901,qwhite@example.com,2023-09-15 00:00:00
17,1,Jesse Rogers,9072992279,,karen64@example.org,2023-06-22 00:00:00
18,1,Paul Williams,9383431259,510.403.3092,kcaldwell@example.org,2023-11-08 00:00:00
19,1,David Wood,4085320828,001-324-619-0496x63193,,2023-08-02 00:00:00
20,1,Lindsay Martinez,4361393222,,amanda51@example.net,2023-08-17 00:00:00
21,1,Alexandria Fisher,3105400301,(657)726-2849x87769,mariahmiller@example.com,2024-01-20 00:00:00
22,1,John Bishop,6922713963,6756273545,blackjames@example.org,2023-06-01 00:00:00
23,1,Katherine Chang,8261111839,+1-777-801-4363x4957,michael74@example.com,2024-01-18 00:00:00
24,1,Bryan Lee,1795212538,674.598.9413,harry08@example.org,2023-06-24 00:00:00
25,1,William Tran,3108307952,6949777520,shortrichard@example.org,2023-10-11 00:00:00
26,1,Melissa Hernandez,9371430906,831-986-9993,levans@example.com,2023-05-14 00:00:00
27,1,Marc Lynch,4178659381,001-933-641-2328x12067,halljasmine@example.net,2024-05-28 00:00:00
28,1,Andrea Hall,6144594354,683-624-2102,smartinez@example.com,2023-08-18 00:00:00
29,1,Terri Mason,7415801613,590-265-9401,barbara27@example.net,2024-04-25 00:00:00
30,1,Sydney White,7808938880,+1-671-875-6551x2567,gibsonleonard@example.com,2023-09-16 00:00:00
31,1,Raymond Hancock,9594878379,+1-976-203-8597,josephanderson@example.com,2023-12-06 00:00:00
32,1,Michael Martinez,5975196341,+1-408-961-3171,william46@example.com,2024-01-28 00:00:00
33,1,Mrs. Kristen Reyes,4776677517,946-458-4044,wryan@example.com,2024-03-13 00:00:00
34,1,Kimberly Gibson,3995732958,001-463-960-5766,martineztammy@example.com,2023-08-28 00:00:00
35,1,Shelly Alexander,2962491159,001-826-721-7459x6158,cbrennan@example.net,2023-07-24 00:00:00
36,1,Mark Mccall,5283911723,001-716-711-7240x0504,hthomas@example.com,2023-07-03 00:00:00
37,1,Rebecca Jackson,9929101065,(693)479-2374x7407,alexandermichael@example.net,2023-06-26 00:00:00
38,1,Victor Vaughn,2297602688,(271)236-9594x4064,swall@example.org,2023-12-31 00:00:00
39,1,Heather Fields,7961674558,+1-421-504-7095x21456,kristinwalter@example.com,2024-04-09 00:00:00
40,1,Susan Rivas,8758809005,001-651-371-2368x5160,vrichardson@example.net,2024-03-25 00:00:00
41,1,James Little,2595467139,+1-437-209-8593x17461,torrestravis@example.org,2024-04-08 00:00:00
42,1,Joshua Price,7615076397,001-726-517-9640,pwallace@example.com,2024-03-14 00:00:00
43,1,Michael Stephens,2540492440,(543)317-1390x0532,brendali@example.org,2023-07-28 00:00:00
44,1,Charles Lester,5307145891,(728)542-1020,alfred40@example.org,2023-12-09 00:00:00
45,1,Kelly Reese,7340428136,001-258-991-7839x08470,gsimmons@example.com,2023-07-13 00:00:00
46,1,Jill Lam,1637088959,(649)998-5698,sgarcia@example.org,2023-09-17 00:00:00
47,1,Marilyn Mack,6218484323,736.457.6615x654,fjones@example.org,2024-05-06 00:00:00
48,1,Patrick Watson,9847550931,,,2024-05-31 00:00:00
49,1,Kristina Santiago,7059376953,+1-360-749-4519x83273,danny49@example.org,2024-03-27 00:00:00
50,1,Sarah Villegas,9702693937,+1-440-224-4550x22961,reesejason@example.com,2024-01-19 00:00:00
51,1,Christopher Collins,3560761628,9229901476,wnelson@example.net,2023-10-19 00:00:00
52,1,Jeffrey Campbell,8160279830,4366900343,mark07@example.net,2023-10-27 00:00:00
53,1,Carl Patel,2521136431,(306)807-1596x9664,burchgeorge@example.net,2024-04-05 00:00:00
54,1,Michael Cox,1454678712,(596)781-6453x52181,jessica23@example.org,2023-08-27 00:00:00
55,1,Craig Morrison,3815389788,,stephanieburton@example.com,2023-10-25 00:00:00
56,1,Olivia Cole,7977267911,+1-352-671-7744x9058,dhayes@example.com,2023-12-27 00:00:00
57,1,Angela Lin,4673457063,+1-998-467-9807x935,hayeslisa@example.com,2024-05-12 00:00:00
58,1,Mrs. Maria Williams,8334179373,288.792.5546x659,riveraangela@example.com,2024-02-15 00:00:00
59,1,Nathaniel Douglas,4750707607,419-325-4629x14865,bromero@example.com,2023-06-26 00:00:00
60,1,Trevor Peterson,8585583166,232.721.4188,carlamoore@example.org,2023-11-06 00:00:00
61,1,Patricia Lamb,2879792991,(953)979-4738x34735,kimberly88@example.com,2023-05-15 00:00:00
62,1,Ruth Solis,2073755632,+1-475-881-8141x2478,pottsjeffrey@example.com,2024-02-01 00:00:00
63,1,Tara Perry,2606152369,(415)930-5152x2047,fgilbert@example.org,2024-03-03 00:00:00
64,1,Ruben Dunn,7561728644,943-341-0369,copelandvincent@example.net,2024-05-20 00:00:00
65,1,Jose Allen,5911625145,(209)853-9621x85188,ywilliams@example.com,2023-12-14 00:00:00
66,1,Alan Kramer,2480915452,001-419-352-0585x2772,mjohnson@example.org,2023-11-04 00:00:00
67,1,Stacey Stewart,7328203808,8348505415,ykline@example.com,2023-05-22 00:00:00
68,1,Kathleen Jimenez,7525240100,361-369-2845,donna47@example.net,2024-01-17 00:00:00
69,1,Carol Wallace,2920407276,001-959-264-0165x8202,carlososborne@example.com,2023-06-08 00:00:00
70,1,Travis Johnson,6888247736,419.928.5654x310,hmcintyre@example.com,2024-02-09 00:00:00
71,1,Michele Lewis,7922959795,001-373-612-1727x155,melissa25@example.net,2023-10-10 00:00:00
72,1,William Conner,3121808073,(989)857-8291x146,emorrow@example.org,2024-02-06 00:00:00
73,1,Maria Cole,2479679716,001-789-522-6801x82422,stacey84@example.org,2023-06-30 00:00:00
74,1,Mark Pierce,3291270703,629.592.2995x90010,bmontgomery@example.com,2023-12-16 00:00:00
75,1,Kimberly May,6592451645,964.971.0276,matthewthomas@example.net,2024-04-27 00:00:00
76,1,William Reed,2712474804,001-258-681-5371x47321,alin@example.org,2024-01-11 00:00:00
77,1,Stephanie Li,8392190335,327.887.7470,nlevy@example.net,2023-09-15 00:00:00
78,1,Anthony Simpson,7316122432,+1-201-862-4565,hudsonjames@example.net,2023-09-01 00:00:00
79,1,James Cole,7656585531,+1-891-221-6558x523,williamsjennifer@example.com,2024-05-18 00:00:00
80,1,Brittany Barry,5895322075,+1-652-969-4958x887,,2024-01-18 00:00:00
81,1,Isabella Nunez,9503597301,001-240-997-4993,,2023-12-24 00:00:00
82,1,Mark Harvey,8907752604,(830)491-3075,avaughn@example.net,2023-09-14 00:00:00
83,1,Tami Salas,9857430687,(483)985-7865,,2024-05-10 00:00:00
84,1,Gloria Gomez,8272725281,+1-773-934-8434x437,ann44@example.org,2024-06-01 00:00:00
85,1,Kimberly Huang,5924077461,6416574733,danielyang@example.org,2023-08-31 00:00:00
86,1,Michael Schmidt,3739951076,4168571208,mwoods@example.com,2023-05-19 00:00:00
87,1,Matthew Velez,9974165440,001-938-402-6206,nancy04@example.net,2024-02-22 00:00:00
88,1,Tanya Rogers,7546898241,(687)443-1527,doylekrystal@example.net,2024-04-27 00:00:00
89,1,Cheryl Carr,2408434291,(712)627-5304x6374,greenmichael@example.org,2023-12-15 00:00:00
90,1,Bryan Parker,6562144159,+1-533-527-2795x687,foxallison@example.com,2023-06-28 00:00:00
91,1,Justin Brown,3171050399,001-982-325-8713,dstokes@example.org,2023-05-30 00:00:00
92,1,Joyce Brown,8760642358,001-206-340-3910x6518,ajohnson@example.org,2023-09-16 00:00:00
93,1,Pamela Good,7100408092,(476)561-8251x2868,avilatiffany@example.com,2023-11-05 00:00:00
94,1,Kimberly Patel,4536306171,275.524.3106,carloswheeler@example.com,2023-06-11 00:00:00
95,1,Michele Williams,4180599722,(773)583-0284x3959,nancy83@example.com,2024-03-28 00:00:00
96,1,Antonio Fry,4915196257,+1-868-470-5685x6624,oallen@example.com,2023-06-27 00:00:00
97,1,Brianna Ford,9837427517,(568)282-6343x51751,nicholas99@example.org,2023-06-21 00:00:00
98,1,Chelsea Gill,3400244542,535.740.3317x3936,oscar85@example.com,2024-03-04 00:00:00
99,1,Jose Crawford,8901585274,655.860.9320,elijah53@example.com,2023-12-30 00:00:00
100,1,Danielle Pierce,6744794855,001-277-372-5228x72808,duranrobert@example.net,2024-06-01 00:00:00
101,1,Michael Smith,7467073633,(209)697-7008x860,andre62@example.org,2024-02-15 00:00:00
102,1,Kelly Allen,6817280229,(815)867-9334x1016,abrown@example.net,2023-08-10 00:00:00
103,1,Jonathan Hamilton,8663837890,001-218-303-3974,rachel90@example.org,2023-12-20 00:00:00
104,1,Emily Ali,3521300895,001-761-242-9396x85621,kimmary@example.com,2023-10-19 00:00:00
105,1,Lisa Larson,2401777036,+1-647-573-5866x2961,millereric@example.net,2023-09-14 00:00:00
106,1,Brittany Price,2549195708,404-875-4121,ghawkins@example.com,2023-05-22 00:00:00
107,1,Brandon Spencer,8664105957,(404)666-1839x8262,joseph21@example.org,2024-04-19 00:00:00
108,1,Jason Washington,5625342041,737-899-3712x406,scott69@example.org,2023-06-28 00:00:00
109,1,Larry Dominguez,7352298473,(665)847-9356,daniel93@example.net,2023-12-13 00:00:00
110,1,Catherine Saunders MD,8418324922,001-837-841-6724x342,,2023-12-26 00:00:00
111,1,William Mendoza,8265834251,+1-405-289-1135,vrasmussen@example.com,2024-02-21 00:00:00
112,1,Brett Walker,6244291385,(367)398-2507x146,michaelcooper@example.org,2024-05-09 00:00:00
113,1,Hannah Davis,7238213207,440-410-5123,anita73@example.com,2023-10-02 00:00:00
114,1,Charlotte Sandoval,2699013395,001-393-479-6603x3419,mark71@example.com,2023-05-05 00:00:00
115,1,Katherine Church,5785590330,,megan92@example.net,2024-02-23 00:00:00
116,1,Elizabeth Mendez,9953941533,(851)834-1252,baileyhenderson@example.com,2023-11-18 00:00:00
117,1,Melissa Brewer,5294535887,+1-227-742-2579,washingtonjames@example.com,2024-01-29 00:00:00
118,1,Kathy Simpson,8235717104,(477)921-9034x04384,hdunn@example.net,2023-06-15 00:00:00
119,1,Reginald Morrow,8382963909,+1-736-313-4074,hgrimes@example.org,2024-04-08 00:00:00
120,1,Oscar Norris,2838963536,+1-723-630-9584x982,ashley81@example.org,2024-02-10 00:00:00
121,1,Rachel Sellers,9557663181,+1-822-932-5367x2946,schultznicole@example.org,2023-06-11 00:00:00
122,1,Paul Neal,9063016667,875.590.1751x863,sadams@example.com,2024-05-07 00:00:00
123,1,Bianca Phelps,8680705725,+1-600-417-0127x70632,clarence54@example.org,2024-03-31 00:00:00
124,1,Steven Martin,6300607425,+1-211-703-7129x3870,mcneilrobert@example.org,2023-10-08 00:00:00
125,1,Darryl Davis,4461558269,255-442-6221,nbell@example.net,2023-08-20 00:00:00
126,1,Tamara Jensen,1933058809,521-696-5652,wrightcarolyn@example.net,2023-05-12 00:00:00
127,1,Peggy Vaughn,2295574037,398.236.4037x61379,sarah26@example.net,2023-07-24 00:00:00
128,1,Joshua Thompson,1313497572,001-610-843-0068,fmiles@example.net,2023-09-17 00:00:00
129,1,Lisa Ramirez,2331039957,832.385.6914x63031,dsalazar@example.com,2023-08-26 00:00:00
130,1,Mary Thompson,9644330231,(702)475-8842,jessica10@example.com,2024-03-12 00:00:00
131,1,Denise Brown,5625980561,385.507.9252x419,williamsmichelle@example.org,2023-10-02 00:00:00
132,1,Jack Mora,9741819989,001-263-453-6541x951,lindajarvis@example.com,2023-05-14 00:00:00
133,1,John Campbell,8923555411,918-570-5349x49375,edwardrandolph@example.org,2023-07-11 00:00:00
134,1,Gregory Franco,4767539382,206-541-3836x70241,xhaynes@example.com,2023-04-30 00:00:00
135,1,Angela Davis,8816681105,799-806-2344,louis43@example.org,2023-07-17 00:00:00
136,1,Brandy Carrillo,1468034755,527-975-6185,steven11@example.org,2023-10-20 00:00:00
137,1,Elizabeth Bush,3591164476,,,2023-12-21 00:00:00
138,1,Scott Hernandez,4054397788,(568)304-4206x788,ygarcia@example.org,2024-04-21 00:00:00
139,1,Antonio Norman,1954720281,365.519.9410,flamb@example.com,2024-02-04 00:00:00
140,1,Tom Williams,8406374110,506.662.5324x4720,jjenkins@example.com,2024-03-15 00:00:00
141,1,Douglas Taylor,3258354191,+1-680-465-7875x9856,floresjeffery@example.com,2024-04-30 00:00:00
142,1,William Moreno,5293274004,(813)734-8039,gregorywatkins@example.net,2023-12-15 00:00:00
143,1,Suzanne Johnson,8303853049,001-992-293-7842,browncarolyn@example.org,2023-11-02 00:00:00
144,1,April Hardin,5855415646,001-725-800-2921x851,,2023-05-04 00:00:00
145,1,Gabrielle Morris,5191289674,001-667-452-8953x9264,jessicarush@example.net,2023-06-11 00:00:00
146,1,Zachary Sanford,1139082827,+1-759-439-1725x135,underwoodelizabeth@example.net,2023-10-01 00:00:00
147,1,Jillian Baker,5586143660,,kristin00@example.com,2023-10-31 00:00:00
148,1,Jason Jackson,7073166054,(258)761-7932x7104,stephanie15@example.org,2023-05-22 00:00:00
149,1,Candace Jones,5200656353,599-870-6296x20153,donna43@example.org,2023-07-29 00:00:00
150,1,Kenneth Larsen,1659663750,(606)314-9731x032,tanthony@example.com,2023-09-26 00:00:00
151,1,Steven Baker,2664416298,(265)427-0477x434,millermaurice@example.net,2023-10-22 00:00:00
152,1,Peter Perez,7539441086,+1-479-337-4160,kthompson@example.org,2023-11-15 00:00:00
153,1,Beth Henderson,2869999754,+1-929-245-1168x6854,jrodriguez@example.org,2023-06-20 00:00:00
154,1,Lauren Hanna,4348118981,885-464-6799x7024,vwilliams@example.net,2023-05-28 00:00:00
155,1,Patrick Mccall,9147687657,6549447132,joseph69@example.net,2023-10-06 00:00:00
156,1,Jeremy Mcintyre,9831336766,(414)586-2890,marywright@example.com,2023-07-19 00:00:00
157,1,Isaac Gonzalez,4964570811,+1-603-357-9727x98552,anthony02@example.net,2023-11-13 00:00:00
158,1,Cindy Walker,6182870116,+1-668-600-7229x0349,wwoodard@example.com,2023-06-28 00:00:00
159,1,John Byrd,1439427140,658.699.4417x15454,,2023-10-09 00:00:00
160,1,Joseph Allen,9699264134,944.766.6099x3538,megan82@example.com,2024-01-20 00:00:00
161,1,Carl Green,1383539822,(234)365-5494x717,gpreston@example.org,2024-02-14 00:00:00
162,1,Jane Evans,4668931881,(335)969-7252,crystal25@example.net,2023-12-12 00:00:00
163,1,Jesse Clark,4322338756,001-827-912-9666,ismith@example.org,2023-11-20 00:00:00
164,1,Tiffany Mcclain,3280772748,6034354216,colonkenneth@example.com,2023-10-30 00:00:00
165,1,Joseph Warren,5869588539,453.326.0332x3098,jennifer06@example.net,2024-04-21 00:00:00
166,1,Joseph Williams,5272119095,+1-210-601-6761x84723,qstanley@example.net,2023-05-15 00:00:00
167,1,Larry Taylor,5800633419,717-839-3483,ethan87@example.org,2023-12-05 00:00:00
168,1,Karen Young,9644692836,619-572-1811,shinton@example.com,2024-04-27 00:00:00
169,1,Brett Thompson,6542943838,+1-356-711-0022x55794,ian66@example.com,2023-07-04 00:00:00
170,1,James Jefferson,8730507757,,,2024-05-22 00:00:00
171,1,Rebecca Wilson,1684598046,(397)897-2965x90277,qwilliams@example.net,2024-01-31 00:00:00
172,1,Michael Gregory,3426709025,+1-258-289-1637x56289,williamharrison@example.com,2023-06-25 00:00:00
173,1,Angela Vasquez,6329589780,908-338-6631x779,,2024-01-22 00:00:00
174,1,Jillian Wilson,3806215682,666-508-8019,xclements@example.org,2024-03-08 00:00:00
175,1,Sarah Rivera,7871737874,001-757-311-3055x488,princetravis@example.net,2023-05-16 00:00:00
176,1,Jennifer King,1841476312,363-973-5160,gbarrett@example.org,2023-04-30 00:00:00
177,1,April Fitzgerald,7808041613,529.622.1699x58669,sstuart@example.com,2023-12-25 00:00:00
178,1,Brenda Morrison,7495255966,,,2023-06-21 00:00:00
179,1,Kimberly Edwards,1933479178,394.752.2885,qaguilar@example.net,2023-11-22 00:00:00
180,1,Paul Skinner,8934097788,6814062003,frances20@example.net,2023-06-01 00:00:00
181,1,Christina Weaver,2943878598,+1-783-286-3840x666,manningjames@example.com,2023-08-03 00:00:00
182,1,Susan Bush,8076527214,001-898-293-3472x12281,qramirez@example.org,2023-07-16 00:00:00
183,1,Ryan Smith,5026508020,7253909479,alicia28@example.org,2023-06-11 00:00:00
184,1,Caitlin Daniels,2732663107,(233)355-5439x878,sean99@example.org,2023-06-17 00:00:00
185,1,Melanie Flores,5058691146,(548)740-8588x7704,vaughangary@example.net,2024-04-01 00:00:00
186,1,Lori Clark,8238760130,238-361-2075,brownlaura@example.net,2023-08-17 00:00:00
187,1,Roberto Bartlett,7045736747,266.350.6180x919,sarah14@example.net,2023-12-07 00:00:00
188,1,Brandon Hubbard,7174772035,(207)428-3268x4245,williamsashley@example.com,2023-06-29 00:00:00
189,1,Theresa Torres,2476831585,(982)322-3943x12908,emily41@example.org,2023-09-16 00:00:00
190,1,Katelyn Rivera,3815235019,649-413-5775,lindsey62@example.org,2024-05-26 00:00:00
191,1,Richard Joseph,8047347877,452-357-7754x781,michele28@example.org,2023-09-25 00:00:00
192,1,Stephen Jones,3534186676,5846887256,stevendixon@example.com,2023-10-10 00:00:00
193,1,Adam Allen,3938451957,001-582-372-2992x75037,mike03@example.net,2023-10-23 00:00:00
194,1,Heather Harrison,1199447370,+1-351-684-4989x2665,okaufman@example.net,2023-09-08 00:00:00
195,1,Robert Reed,8699405145,+1-408-427-2318x432,carolyn13@example.com,2024-01-15 00:00:00
196,1,Michelle Olson,7351460539,492.460.3029,macdonalddylan@example.org,2023-08-31 00:00:00
197,1,Christopher Mullen,1368287033,697.472.3692x929,sandra99@example.org,2023-10-07 00:00:00
198,1,James Rodriguez,1413599241,899.808.8117x2980,nancy86@example.org,2023-05-24 00:00:00
199,1,Karen Mack,3474420092,(324)273-1498x64300,spena@example.com,2023-12-19 00:00:00
200,1,Brian Simmons,7809113110,986-495-9463x688,angie74@example.com,2024-04-18 00:00:00
201,1,Patricia Sanders,6281827528,001-221-338-6589x026,thomasburke@example.org,2023-10-15 00:00:00
202,1,Daniel Miller,9752092528,(669)584-9027x7038,bowerswilliam@example.net,2023-10-08 00:00:00
203,1,Christopher Johnson,1676220116,665-766-9380x118,sylvia43@example.net,2023-06-25 00:00:00
204,1,Jordan Powell,5314945131,(368)618-1845,heather69@example.com,2024-05-18 00:00:00
205,1,Nina Ali,5412437658,241-663-3565,justinross@example.net,2023-12-18 00:00:00
206,1,Angela Velazquez,7341757401,(539)542-3733x343,marykelly@example.org,2024-02-14 00:00:00
207,1,Blake Sosa,5114549022,459.257.9472x8463,imendoza@example.org,2024-01-21 00:00:00
208,1,Jennifer Parks,6045729129,387-750-0369,chloe42@example.net,2023-08-01 00:00:00
209,1,Derrick Mullen,6768555384,(976)436-5564,tiffanyparks@example.org,2024-01-12 00:00:00
210,1,Regina Peters,8972785319,722.970.2672,john90@example.com,2023-09-11 00:00:00
211,1,Christopher Lewis,6387133174,+1-317-754-5588x4506,barbarasantos@example.net,2024-04-19 00:00:00
212,1,Richard Kelly,8458323087,869-347-2256,martinjeremy@example.com,2023-11-06 00:00:00
213,1,Michelle Jacobs,6993434996,359.587.6220x234,randydavis@example.com,2023-05-10 00:00:00
214,1,Allison Sanders,1357561213,492-216-4334x722,alvaradomichelle@example.com,2023-10-02 00:00:00
215,1,Julie Pitts,9310149998,+1-872-682-9979,timothy31@example.com,2023-09-24 00:00:00
216,1,Jason Moore,1045336904,525.247.8077x40649,jacob86@example.com,2024-05-24 00:00:00
217,1,Miguel Brewer,8853033552,,josehenderson@example.org,2023-12-28 00:00:00
218,1,Rebecca Austin,6462619080,+1-684-963-1224x1797,malikhernandez@example.net,2023-11-26 00:00:00
219,1,William Campbell,1035236295,720-973-5647,riveramegan@example.org,2023-09-04 00:00:00
220,1,Reginald Jones,3019265031,246.501.3673,gmoss@example.net,2023-05-17 00:00:00
221,1,Christine Price,9423349548,520-888-1474x35031,alexis49@example.org,2023-12-04 00:00:00
222,1,David Novak,8261722027,001-292-751-3271x950,jacquelinemoody@example.org,2024-01-15 00:00:00
223,1,Eugene Grant DDS,9125201729,001-930-565-2407x7848,amymorris@example.com,2024-02-04 00:00:00
224,1,Ronald Rocha,3381646593,282-874-4857,nicoleharvey@example.com,2024-02-24 00:00:00
225,1,Cynthia Le,2664260498,478.429.4565x11810,harristodd@example.org,2023-05-18 00:00:00
226,1,Martin Price,7830290429,9532910371,angela65@example.net,2023-05-08 00:00:00
227,1,Luis Rice,4153795953,413-881-1386x3383,mirandabarbara@example.net,2024-02-24 00:00:00
228,1,Maurice Andrade,6891490448,001-865-293-9836x84577,birdcaitlin@example.net,2023-09-28 00:00:00
229,1,Steve Smith,5227941857,450.348.8899,stevenseric@example.com,2023-08-05 00:00:00
230,1,Kevin Hall,8778504632,996-393-1572,benjamin96@example.org,2023-09-07 00:00:00
231,1,Tammy Cook,7160290489,739-406-0480,wayne32@example.org,2024-04-11 00:00:00
232,1,Yolanda Maddox,1386903346,(846)822-5179x08641,kathleencastillo@example.org,2024-01-02 00:00:00
233,1,Matthew Gonzalez DDS,2057617830,746-759-1166,malikwheeler@example.org,2024-03-02 00:00:00
234,1,Caroline Bailey,8742949959,+1-427-603-3521x103,cooperlinda@example.com,2023-06-05 00:00:00
235,1,Alexander Clark,3310715848,888.248.7920,george43@example.net,2024-01-13 00:00:00
236,1,Amy Pena,1035795037,,,2024-03-29 00:00:00
237,1,Devon Christian,8130076816,904-363-6815,jamesrasmussen@example.net,2023-05-13 00:00:00
238,1,Alison Wright,7568788980,876-220-5554x38404,jeremiah56@example.net,2024-05-26 00:00:00
239,1,Nicholas Meyer,3948595172,(539)426-4957x82329,haley82@example.com,2023-10-05 00:00:00
240,1,Vanessa Thomas DVM,4938966574,618-481-2520x56647,daniellopez@example.net,2023-12-10 00:00:00
241,1,Lisa Salazar,3561349676,705.417.2897,ihenry@example.org,2024-05-06 00:00:00
242,1,Andrew Duran,2774010584,001-233-812-7975x7366,phillip99@example.net,2023-10-01 00:00:00
243,1,Sheri Buchanan,3236170837,,,2023-08-11 00:00:00
244,1,Ronald Williams,5277084664,986.408.6803x47644,dphillips@example.net,2024-05-05 00:00:00
245,1,Brenda Gallegos,2940028539,001-981-529-8266x5702,udavis@example.net,2023-08-18 00:00:00
246,1,Michelle Martin,4149337748,417-851-8689,kwilliams@example.com,2024-04-19 00:00:00
247,1,Mary Hernandez,4731547225,(406)544-7421,deanjohnny@example.com,2024-04-02 00:00:00
248,1,Mr. Robert Franklin MD,8127372046,567.219.9038x498,eddiedelgado@example.org,2023-11-01 00:00:00
249,1,Andrew Lane,7886058634,710-216-2249x99827,mackmarcus@example.com,2023-07-21 00:00:00
250,1,Olivia Bridges,5573821760,321.945.8683x3901,ronald54@example.net,2023-09-08 00:00:00
251,1,Lisa Ho,7432749100,(393)543-0107,vgutierrez@example.com,2023-10-19 00:00:00
252,1,Marcia Smith,6504544772,744-888-5015,collierjames@example.com,2023-08-05 00:00:00
253,1,Karen Wells,9742656117,(672)778-5760,clarkgina@example.com,2023-12-28 00:00:00
254,1,Chase Pittman,7896382125,(991)545-0461,shannon43@example.net,2024-05-02 00:00:00
255,1,Brian Glover,4340584292,978-607-8235,douglas18@example.net,2023-05-20 00:00:00
256,1,Christine Johnson MD,1497511785,509-715-7018x4094,jameshill@example.com,2024-01-18 00:00:00
257,1,Megan Nelson,5971407550,709-688-1385,sherrybrock@example.net,2024-03-13 00:00:00
258,1,Benjamin Austin,2905452099,(807)401-6016,tjensen@example.com,2023-08-24 00:00:00
259,1,Michelle Lambert,3291300350,,,2023-08-02 00:00:00
260,1,Nicole Owens,1566056427,001-771-874-7733x294,hollyortega@example.com,2024-05-16 00:00:00
261,1,Andre Alvarez,6804394126,324.659.9281x615,amorales@example.org,2023-06-06 00:00:00
262,1,Kimberly Dickson,2648479139,939-766-9583x21971,shortgregory@example.com,2023-10-13 00:00:00
263,1,Brian Cervantes,6922377726,,,2023-07-17 00:00:00
264,1,Matthew Davis PhD,5935846979,+1-646-699-7335,wrobbins@example.org,2024-02-21 00:00:00
265,1,Lisa Dixon,4640572126,805-780-0851x4036,bsullivan@example.net,2023-08-28 00:00:00
266,1,Christopher Taylor,7680484812,(462)342-2010x276,dawnperry@example.com,2024-03-17 00:00:00
267,1,Melissa Conrad,3676831869,986.587.6532x690,robert89@example.com,2024-03-21 00:00:00
268,1,Andrew Webb,2583033048,,,2023-05-15 00:00:00
269,1,Tonya Miller,6495068652,218.991.3718x94905,ehunt@example.net,2024-01-06 00:00:00
270,1,Jennifer Yu,8723309920,620-294-9407x9290,todd28@example.org,2023-10-06 00:00:00
271,1,Diana Anderson,6501732573,901-492-9275x243,cooperchristopher@example.org,2023-06-09 00:00:00
272,1,Samantha Monroe,2645689727,+1-672-939-5041x02767,noahthornton@example.com,2024-01-14 00:00:00
273,1,Joseph Graham,8719383556,(358)601-8569x4544,rmurray@example.net,2023-09-23 00:00:00
274,1,Michael Townsend,7528145504,+1-525-680-0106x18175,james09@example.org,2023-07-31 00:00:00
275,1,Kristopher Shannon,5113699666,,,2024-01-25 00:00:00
276,1,Larry Bennett,6086370835,,steven17@example.com,2023-08-12 00:00:00
277,1,Melissa Contreras,8602605839,921-340-6650x442,mkrause@example.net,2024-05-22 00:00:00
278,1,Matthew Rodriguez,2852220019,+1-917-441-0119x470,fitzpatrickelizabeth@example.com,2023-06-23 00:00:00
279,1,Gary Myers,9605842084,001-777-766-1830x671,richard15@example.net,2023-08-11 00:00:00
280,1,Gina Randall,1872395778,+1-306-934-6157,,2023-07-04 00:00:00
281,1,Brenda Lee,3546681221,261.884.7870x0505,lewisdesiree@example.net,2024-01-11 00:00:00
282,1,Michael Sawyer,3488270884,402-270-7903,cynthiaconway@example.org,2023-08-07 00:00:00
283,1,Christopher Garza,1456689025,499.731.3656x5198,kathrynwatkins@example.com,2023-09-24 00:00:00
284,1,Donald Todd,6003663209,990.321.9620,smithsara@example.net,2023-10-05 00:00:00
285,1,Stacie Butler,8613098877,001-423-924-8763x290,burtonkimberly@example.com,2023-12-14 00:00:00
286,1,Justin Lee,5195287460,+1-958-983-7340x312,ernestlivingston@example.org,2024-04-09 00:00:00
287,1,Dominique Hamilton,8552304952,3103822078,jenniferwatkins@example.com,2023-12-16 00:00:00
288,1,Paul Villanueva,5767984371,913.263.6317,nthomas@example.com,2023-09-22 00:00:00
289,1,James Ellis,2158329197,620-490-4217x76253,belindatran@example.org,2023-11-09 00:00:00
290,1,Scott Burns,5276345770,001-877-540-6335,robinvillanueva@example.com,2023-08-25 00:00:00
291,1,Amanda Ruiz,5439366473,,,2024-04-03 00:00:00
292,1,Karen Yates,4527419370,373.218.0632x543,kcaldwell@example.net,2023-11-08 00:00:00
293,1,Kelly Silva,9488662593,626.825.7016x580,helen98@example.net,2024-06-01 00:00:00
294,1,Rachel Miller,9078177421,001-408-350-1657x9055,devonrogers@example.net,2023-08-29 00:00:00
295,1,John Crosby,6263212814,(348)964-0155x778,shannon51@example.org,2024-05-05 00:00:00
296,1,Judith Miller,4856648111,811-424-1272x3804,creed@example.net,2023-11-29 00:00:00
297,1,Dorothy Brown,8063812593,(495)657-9887x74924,toddarellano@example.org,2023-09-20 00:00:00
298,1,Duane Huber,7594134964,(422)923-1059,mike38@example.net,2023-05-09 00:00:00
299,1,Evan Cooper,6896624762,,,2024-01-06 00:00:00
300,1,Carla Turner,4953233832,(472)975-2088x5474,hannah70@example.org,2023-06-10 00:00:00
