purchase_item_id,purchase_id,product_id,quantity,unit_cost,subtotal
1,1,21,48,45.79,2197.92
2,1,32,21,3.54,74.34
3,1,10,83,1.08,89.64
4,1,25,39,36.52,1424.28
5,1,35,60,5.13,307.8
6,1,31,77,3.34,257.18
7,1,50,68,1.01,68.68
8,1,7,40,0.47,18.8
9,1,55,42,0.31,13.02
10,1,19,69,0.68,46.92
11,1,29,68,46.18,3140.24
12,1,23,64,45.76,2928.64
13,1,4,86,0.82,70.52
14,2,21,51,40.98,2089.98
15,2,12,40,0.74,29.6
16,2,16,81,0.77,62.37
17,2,14,43,1.2,51.6
18,2,36,39,2.74,106.86
19,2,5,75,0.76,57.0
20,2,42,81,2.21,179.01
21,2,24,68,60.34,4103.12
22,2,23,72,52.35,3769.2
23,2,20,74,1.0,74.0
24,2,11,41,1.38,56.58
25,2,15,96,0.83,79.68
26,3,5,30,0.94,28.2
27,3,29,67,46.97,3146.99
28,3,35,61,4.15,253.15
29,3,42,24,1.99,47.76
30,3,43,87,1.01,87.87
31,3,33,68,1.43,97.24
32,3,15,50,0.91,45.5
33,3,12,35,0.76,26.6
34,3,47,66,1.26,83.16
35,3,2,33,1.06,34.98
36,3,11,83,1.36,112.88
37,3,7,32,0.6,19.2
38,3,54,65,2.27,147.55
39,3,53,45,1.34,60.3
40,3,52,75,1.43,107.25
41,3,8,43,0.89,38.27
42,3,41,99,3.56,352.44
43,3,30,92,47.76,4393.92
44,3,21,33,39.48,1302.84
45,4,45,79,1.31,103.49
46,4,52,43,1.47,63.21
47,4,1,35,0.52,18.2
48,4,60,40,0.32,12.8
49,4,36,89,3.11,276.79
50,4,54,57,2.34,133.38
51,4,8,55,1.11,61.05
52,4,31,96,3.17,304.32
53,4,57,61,1.68,102.48
54,4,15,90,1.1,99.0
55,4,6,95,0.63,59.85
56,4,56,43,0.77,33.11
57,4,25,26,35.87,932.62
58,4,32,86,3.49,300.14
59,4,37,24,3.35,80.4
60,4,11,82,1.52,124.64
61,4,58,37,1.0,37.0
62,4,10,34,1.1,37.4
63,4,33,100,1.35,135.0
64,4,46,42,0.84,35.28
65,5,41,43,3.62,155.66
66,5,3,90,1.54,138.6
67,5,50,42,1.13,47.46
68,5,5,27,0.98,26.46
69,5,59,43,1.3,55.9
70,5,27,48,14.61,701.28
71,5,11,74,1.39,102.86
72,5,43,54,0.92,49.68
73,5,35,46,4.38,201.48
74,5,24,31,48.27,1496.37
75,5,48,59,0.69,40.71
76,5,6,23,0.77,17.71
77,5,42,94,1.63,153.22
78,5,46,46,0.76,34.96
79,5,30,65,55.94,3636.1
80,5,25,77,43.41,3342.57
81,5,40,92,5.22,480.24
82,5,26,50,44.25,2212.5
83,6,20,56,1.19,66.64
84,6,1,60,0.63,37.8
85,6,39,66,1.76,116.16
86,6,10,58,1.1,63.8
87,6,24,30,49.32,1479.6
88,6,33,79,1.48,116.92
89,6,18,22,1.92,42.24
90,6,3,63,1.31,82.53
91,6,28,49,26.47,1297.03
92,7,50,48,0.93,44.64
93,7,28,81,32.44,2627.64
94,7,46,79,0.78,61.62
95,7,51,66,0.65,42.9
96,7,47,88,1.13,99.44
97,7,25,20,35.04,700.8
98,7,54,60,1.82,109.2
99,7,37,62,3.41,211.42
100,7,17,75,0.63,47.25
101,7,23,73,47.29,3452.17
102,7,34,98,1.95,191.1
103,7,26,82,42.67,3498.94
104,7,43,82,1.0,82.0
105,7,55,48,0.38,18.24
106,7,38,78,3.05,237.9
107,8,23,31,62.64,1941.84
108,8,51,35,0.69,24.15
109,8,49,54,2.21,119.34
110,8,48,88,0.92,80.96
111,8,25,81,41.07,3326.67
112,8,27,67,16.01,1072.67
113,8,28,32,30.32,970.24
114,8,60,70,0.3,21.0
115,8,15,52,1.03,53.56
116,8,45,55,1.24,68.2
117,8,38,52,2.94,152.88
118,8,19,73,0.63,45.99
119,8,39,90,1.69,152.1
120,9,3,28,1.24,34.72
121,9,15,60,0.97,58.2
122,9,6,66,0.81,53.46
123,9,5,55,0.72,39.6
124,9,52,55,1.39,76.45
125,9,7,49,0.55,26.95
126,9,45,92,1.5,138.0
127,9,13,44,1.39,61.16
128,9,60,72,0.34,24.48
129,9,10,73,1.27,92.71
130,10,50,71,0.94,66.74
131,10,59,92,1.54,141.68
132,10,26,85,37.5,3187.5
133,10,19,39,0.69,26.91
134,10,18,22,1.82,40.04
135,10,27,63,13.81,870.03
136,10,11,32,1.55,49.6
137,10,16,25,0.72,18.0
138,10,2,34,1.09,37.06
139,10,17,61,0.64,39.04
140,10,57,35,1.37,47.95
141,10,40,20,4.36,87.2
142,10,45,61,1.08,65.88
143,10,14,93,1.31,121.83
144,10,54,96,2.04,195.84
145,10,38,73,2.45,178.85
146,10,55,92,0.32,29.44
147,10,12,88,0.82,72.16
148,10,58,31,0.81,25.11
149,11,20,97,1.2,116.4
150,11,18,97,1.49,144.53
151,11,42,40,1.66,66.4
152,11,51,47,0.78,36.66
153,11,7,77,0.51,39.27
154,11,1,54,0.5,27.0
155,11,53,57,1.57,89.49
156,11,21,78,52.07,4061.46
157,11,50,50,1.1,55.0
158,11,59,92,1.35,124.2
159,11,43,27,0.96,25.92
160,11,14,78,1.37,106.86
161,12,54,63,1.93,121.59
162,12,55,78,0.29,22.62
163,12,22,43,10.45,449.35
164,12,39,34,1.83,62.22
165,12,15,59,1.14,67.26
166,12,48,80,0.68,54.4
167,12,33,20,1.36,27.2
168,12,12,88,0.7,61.6
169,12,4,57,0.98,55.86
170,12,11,90,1.78,160.2
171,13,2,23,1.1,25.3
172,13,3,58,1.26,73.08
173,13,30,85,51.23,4354.55
174,13,25,60,45.15,2709.0
175,13,46,97,0.78,75.66
176,13,36,86,2.65,227.9
177,13,27,90,14.66,1319.4
178,13,43,83,1.11,92.13
179,13,22,20,11.32,226.4
180,13,39,50,2.21,110.5
181,13,23,47,53.8,2528.6
182,13,13,55,1.73,95.15
183,13,8,57,0.96,54.72
184,13,5,27,0.98,26.46
185,13,21,39,40.44,1577.16
186,13,32,52,3.08,160.16
187,13,37,58,3.41,197.78
188,13,20,67,1.11,74.37
189,13,41,81,3.82,309.42
190,13,7,58,0.53,30.74
191,14,54,55,1.99,109.45
192,14,17,61,0.62,37.82
193,14,31,95,2.89,274.55
194,14,14,62,1.34,83.08
195,14,8,98,1.17,114.66
196,14,41,85,3.04,258.4
197,14,21,47,40.84,1919.48
198,14,47,53,1.29,68.37
199,14,37,70,3.47,242.9
200,14,50,30,0.98,29.4
201,14,15,50,1.04,52.0
202,14,51,97,0.7,67.9
203,14,24,70,56.26,3938.2
204,14,23,46,49.54,2278.84
205,14,4,73,0.92,67.16
206,14,52,26,1.26,32.76
207,14,19,72,0.69,49.68
208,15,13,20,1.37,27.4
209,15,59,46,1.47,67.62
210,15,44,78,1.4,109.2
211,15,25,83,41.22,3421.26
212,15,32,23,3.26,74.98
213,15,16,53,0.77,40.81
214,15,29,50,39.48,1974.0
215,15,8,31,0.9,27.9
216,15,52,47,1.61,75.67
217,16,59,75,1.26,94.5
218,16,15,85,1.13,96.05
219,16,49,39,2.21,86.19
220,16,30,42,41.01,1722.42
221,16,51,78,0.71,55.38
222,16,4,59,0.97,57.23
223,16,32,28,3.64,101.92
224,16,3,68,1.48,100.64
225,16,2,87,1.39,120.93
226,16,1,20,0.48,9.6
227,16,18,25,1.64,41.0
228,16,60,80,0.35,28.0
229,16,9,85,1.07,90.95
230,16,58,88,1.03,90.64
231,17,29,73,38.13,2783.49
232,17,42,100,1.62,162.0
233,17,32,40,3.18,127.2
234,17,55,43,0.3,12.9
235,17,30,31,41.7,1292.7
236,17,12,34,0.6,20.4
237,17,43,35,0.96,33.6
238,17,47,35,1.35,47.25
239,17,37,91,3.25,295.75
240,17,6,75,0.79,59.25
241,17,60,76,0.29,22.04
242,18,6,81,0.75,60.75
243,18,15,38,1.02,38.76
244,18,26,81,48.09,3895.29
245,18,27,62,13.77,853.74
246,18,38,30,2.93,87.9
247,18,43,79,0.94,74.26
248,18,9,97,1.09,105.73
249,18,18,87,1.88,163.56
250,18,60,61,0.3,18.3
251,18,21,27,47.59,1284.93
252,18,37,91,3.6,327.6
253,18,7,45,0.64,28.8
254,18,57,93,1.54,143.22
255,18,10,22,0.99,21.78
256,18,32,34,3.37,114.58
257,18,33,45,1.3,58.5
258,19,16,29,0.58,16.82
259,19,22,100,10.45,1045.0
260,19,30,81,42.34,3429.54
261,19,5,51,0.84,42.84
262,19,18,90,1.39,125.1
263,19,60,34,0.36,12.24
264,19,44,73,1.57,114.61
265,19,26,83,39.02,3238.66
266,19,29,59,49.79,2937.61
267,19,39,87,1.88,163.56
268,19,55,86,0.3,25.8
269,20,35,52,4.65,241.8
270,20,39,34,2.22,75.48
271,20,50,92,1.12,103.04
272,20,22,21,11.3,237.3
273,20,25,84,47.85,4019.4
274,20,3,86,1.51,129.86
275,20,12,32,0.73,23.36
276,20,33,30,1.34,40.2
277,20,17,84,0.81,68.04
278,20,27,28,15.2,425.6
279,20,56,40,0.95,38.0
280,20,37,73,3.7,270.1
281,20,38,22,2.61,57.42
282,20,11,43,1.36,58.48
283,20,51,87,0.71,61.77
284,21,2,30,1.31,39.3
285,21,29,99,36.31,3594.69
286,21,15,53,1.0,53.0
287,21,34,86,2.0,172.0
288,21,14,54,1.44,77.76
289,21,11,72,1.61,115.92
290,21,39,69,1.79,123.51
291,21,55,36,0.37,13.32
292,21,22,64,10.7,684.8
293,21,46,54,0.87,46.98
294,21,18,42,1.75,73.5
295,22,53,54,1.27,68.58
296,22,44,93,1.56,145.08
297,22,3,40,1.58,63.2
298,22,20,75,1.16,87.0
299,22,17,29,0.7,20.3
300,22,21,74,37.34,2763.16
301,22,31,46,3.47,159.62
302,22,52,75,1.29,96.75
303,22,50,76,1.12,85.12
304,22,51,69,0.83,57.27
305,22,54,46,2.35,108.1
306,22,42,80,1.75,140.0
307,22,14,39,1.26,49.14
308,22,18,30,1.4,42.0
309,22,6,34,0.73,24.82
310,22,46,43,0.71,30.53
311,22,10,63,1.26,79.38
312,22,34,60,1.84,110.4
313,22,39,23,2.12,48.76
314,22,37,33,3.99,131.67
315,23,43,41,0.86,35.26
316,23,21,37,48.22,1784.14
317,23,40,62,4.43,274.66
318,23,24,51,44.89,2289.39
319,23,53,80,1.63,130.4
320,23,2,34,1.27,43.18
321,23,52,65,1.2,78.0
322,23,5,72,0.78,56.16
323,23,23,22,54.89,1207.58
324,23,18,80,1.73,138.4
325,24,21,61,46.33,2826.13
326,24,40,44,3.97,174.68
327,24,6,38,0.87,33.06
328,24,33,93,1.4,130.2
329,24,7,24,0.58,13.92
330,24,15,50,0.91,45.5
331,24,20,64,1.2,76.8
332,24,36,45,2.56,115.2
333,24,22,61,10.8,658.8
334,24,38,56,2.68,150.08
335,24,47,73,1.47,107.31
336,24,3,29,1.53,44.37
337,24,12,87,0.78,67.86
338,24,4,57,0.84,47.88
339,25,9,73,0.88,64.24
340,25,43,78,1.12,87.36
341,25,39,93,1.78,165.54
342,25,16,78,0.76,59.28
343,25,12,49,0.63,30.87
344,25,22,47,11.91,559.77
345,25,59,62,1.42,88.04
346,25,58,30,1.09,32.7
347,25,48,50,0.84,42.0
348,25,53,50,1.37,68.5
349,25,17,22,0.67,14.74
350,25,1,65,0.63,40.95
351,25,26,35,47.56,1664.6
352,25,18,57,1.73,98.61
353,26,37,41,3.63,148.83
354,26,43,72,1.12,80.64
355,26,11,74,1.69,125.06
356,26,20,47,0.95,44.65
357,26,5,43,0.84,36.12
358,26,25,65,45.12,2932.8
359,26,16,39,0.6,23.4
360,26,49,63,2.85,179.55
361,26,54,79,2.24,176.96
362,26,15,92,1.01,92.92
363,26,1,92,0.47,43.24
364,26,26,39,39.94,1557.66
365,27,38,94,3.11,292.34
366,27,6,87,0.87,75.69
367,27,58,71,0.83,58.93
368,27,42,57,2.12,120.84
369,27,18,99,1.8,178.2
370,27,50,24,0.87,20.88
371,27,32,54,3.45,186.3
372,27,24,52,48.63,2528.76
373,27,10,65,1.0,65.0
374,28,5,87,0.87,75.69
375,28,3,90,1.53,137.7
376,28,46,65,0.77,50.05
377,28,32,93,3.74,347.82
378,28,51,95,0.61,57.95
379,28,55,34,0.41,13.94
380,28,9,40,1.0,40.0
381,28,22,56,12.93,724.08
382,28,44,45,1.43,64.35
383,28,50,35,1.05,36.75
384,28,11,96,1.71,164.16
385,28,45,59,1.16,68.44
386,28,48,75,0.69,51.75
387,28,56,66,0.93,61.38
388,28,57,83,1.55,128.65
389,28,34,81,2.12,171.72
390,28,1,83,0.46,38.18
391,28,53,96,1.32,126.72
392,28,21,66,46.96,3099.36
393,29,43,35,1.07,37.45
394,29,37,63,3.9,245.7
395,29,19,97,0.69,66.93
396,29,21,92,43.38,3990.96
397,29,28,57,33.7,1920.9
398,29,1,80,0.56,44.8
399,29,25,51,38.88,1982.88
400,29,41,24,3.62,86.88
401,29,53,27,1.34,36.18
402,29,20,34,1.19,40.46
403,29,47,67,1.43,95.81
404,29,58,90,0.96,86.4
405,30,42,51,1.96,99.96
406,30,18,96,1.83,175.68
407,30,53,23,1.74,40.02
408,30,20,51,0.9,45.9
409,30,37,98,3.37,330.26
410,30,32,63,3.5,220.5
411,30,47,54,1.32,71.28
412,30,7,65,0.51,33.15
413,30,22,62,10.38,643.56
414,30,40,39,4.86,189.54
415,30,41,94,3.2,300.8
416,30,19,64,0.62,39.68
417,30,26,34,38.54,1310.36
418,30,15,87,1.14,99.18
419,30,9,96,1.07,102.72
420,30,57,69,1.29,89.01
421,31,29,22,46.49,1022.78
422,31,16,61,0.69,42.09
423,31,4,99,1.0,99.0
424,31,45,43,1.34,57.62
425,31,8,24,1.11,26.64
426,31,32,37,3.69,136.53
427,31,7,53,0.51,27.03
428,31,58,98,1.08,105.84
429,31,59,65,1.31,85.15
430,31,36,77,2.73,210.21
431,31,51,63,0.67,42.21
432,31,31,82,3.49,286.18
433,31,37,39,3.41,132.99
434,31,22,79,10.71,846.09
435,31,42,78,2.17,169.26
436,31,26,36,47.97,1726.92
437,31,19,58,0.68,39.44
438,31,49,67,2.24,150.08
439,31,1,59,0.57,33.63
440,32,27,78,13.17,1027.26
441,32,35,66,4.14,273.24
442,32,8,100,1.07,107.0
443,32,26,50,42.35,2117.5
444,32,12,77,0.71,54.67
445,32,30,41,42.11,1726.51
446,32,36,41,2.8,114.8
447,32,33,96,1.45,139.2
448,32,13,69,1.48,102.12
449,32,7,41,0.48,19.68
450,32,3,79,1.36,107.44
451,32,57,26,1.5,39.0
452,32,25,81,41.46,3358.26
453,33,10,37,1.35,49.95
454,33,51,54,0.68,36.72
455,33,4,95,0.79,75.05
456,33,19,23,0.6,13.8
457,33,31,54,3.33,179.82
458,33,52,60,1.39,83.4
459,33,21,28,37.52,1050.56
460,33,6,75,0.75,56.25
461,33,38,54,2.56,138.24
462,33,58,54,0.86,46.44
463,33,3,31,1.16,35.96
464,34,12,86,0.7,60.2
465,34,20,25,1.16,29.0
466,34,36,30,3.21,96.3
467,34,1,57,0.57,32.49
468,34,50,45,1.02,45.9
469,34,14,70,1.42,99.4
470,34,35,36,4.43,159.48
471,34,34,31,1.77,54.87
472,34,53,52,1.52,79.04
473,34,11,89,1.46,129.94
474,34,29,35,50.45,1765.75
475,34,27,69,14.44,996.36
476,34,41,96,3.27,313.92
477,35,34,37,1.73,64.01
478,35,55,81,0.34,27.54
479,35,32,54,3.38,182.52
480,35,45,84,1.45,121.8
481,35,6,83,0.68,56.44
482,35,7,58,0.48,27.84
483,35,60,78,0.36,28.08
484,35,22,47,11.8,554.6
485,35,1,78,0.59,46.02
486,35,2,68,1.27,86.36
487,36,3,56,1.29,72.24
488,36,47,55,1.23,67.65
489,36,2,97,1.24,120.28
490,36,53,30,1.62,48.6
491,36,37,24,4.32,103.68
492,36,38,77,2.96,227.92
493,36,41,63,3.95,248.85
494,36,28,69,29.14,2010.66
495,36,32,25,3.34,83.5
496,36,45,48,1.5,72.0
497,36,52,84,1.45,121.8
498,36,24,92,58.18,5352.56
499,36,57,62,1.31,81.22
500,36,22,29,12.78,370.62
501,36,51,90,0.81,72.9
502,36,44,91,1.87,170.17
503,36,35,56,4.53,253.68
504,37,6,55,0.65,35.75
505,37,8,34,1.13,38.42
506,37,21,70,49.72,3480.4
507,37,3,38,1.53,58.14
508,37,17,83,0.6,49.8
509,37,23,28,60.44,1692.32
510,37,5,77,0.79,60.83
511,37,19,81,0.72,58.32
512,37,59,67,1.4,93.8
513,37,31,79,2.71,214.09
514,37,34,93,1.73,160.89
515,38,36,31,2.95,91.45
516,38,52,56,1.63,91.28
517,38,22,31,13.33,413.23
518,38,49,62,2.7,167.4
519,38,56,64,0.97,62.08
520,38,34,86,1.91,164.26
521,38,53,43,1.71,73.53
522,38,5,70,0.96,67.2
523,38,42,21,2.13,44.73
524,38,50,80,0.84,67.2
525,38,32,30,3.1,93.0
526,38,27,56,15.51,868.56
527,38,19,75,0.65,48.75
528,38,1,42,0.47,19.74
529,38,47,84,1.36,114.24
530,38,31,43,3.46,148.78
531,38,17,49,0.6,29.4
532,38,14,66,1.24,81.84
533,39,58,70,1.01,70.7
534,39,5,24,0.93,22.32
535,39,54,79,1.75,138.25
536,39,56,92,0.83,76.36
537,39,21,32,38.09,1218.88
538,39,8,33,1.12,36.96
539,39,12,77,0.67,51.59
540,39,16,47,0.72,33.84
541,39,59,32,1.65,52.8
542,39,20,54,1.08,58.32
543,39,24,22,57.54,1265.88
544,39,57,23,1.52,34.96
545,40,29,40,42.91,1716.4
546,40,16,48,0.62,29.76
547,40,45,82,1.11,91.02
548,40,50,46,1.05,48.3
549,40,60,68,0.31,21.08
550,40,20,21,1.05,22.05
551,40,24,90,54.0,4860.0
552,40,47,62,1.26,78.12
553,40,3,74,1.57,116.18
554,40,51,48,0.69,33.12
555,40,59,91,1.64,149.24
556,40,53,64,1.41,90.24
557,40,4,66,0.8,52.8
558,40,17,47,0.74,34.78
559,40,52,30,1.33,39.9
560,40,42,82,1.73,141.86
561,41,8,75,0.91,68.25
562,41,48,34,0.83,28.22
563,41,42,92,2.03,186.76
564,41,29,36,47.8,1720.8
565,41,30,73,44.06,3216.38
566,41,35,95,4.13,392.35
567,41,15,58,0.86,49.88
568,41,17,34,0.78,26.52
569,42,7,28,0.64,17.92
570,42,30,49,53.16,2604.84
571,42,58,74,0.97,71.78
572,42,35,25,4.74,118.5
573,42,5,37,0.72,26.64
574,42,25,36,42.13,1516.68
575,42,12,81,0.77,62.37
576,42,15,64,1.02,65.28
577,42,57,99,1.36,134.64
578,42,41,66,3.64,240.24
579,42,44,42,1.76,73.92
580,42,13,66,1.77,116.82
581,42,2,53,1.4,74.2
582,42,36,72,2.86,205.92
583,42,38,48,2.76,132.48
584,42,22,100,10.59,1059.0
585,42,10,75,1.37,102.75
586,42,24,43,54.23,2331.89
587,42,14,64,1.19,76.16
588,42,52,67,1.38,92.46
589,43,53,35,1.27,44.45
590,43,44,30,1.43,42.9
591,43,49,59,2.8,165.2
592,43,20,47,0.99,46.53
593,43,24,72,56.23,4048.56
594,43,21,71,46.69,3314.99
595,43,22,66,11.61,766.26
596,43,58,45,0.84,37.8
597,43,48,30,0.88,26.4
598,44,48,28,0.9,25.2
599,44,34,90,1.88,169.2
600,44,38,77,2.83,217.91
601,44,50,39,0.86,33.54
602,44,58,61,1.0,61.0
603,44,11,62,1.76,109.12
604,44,33,79,1.43,112.97
605,44,37,61,3.34,203.74
606,44,22,93,10.44,970.92
607,44,43,54,0.9,48.6
608,45,57,96,1.28,122.88
609,45,31,23,3.32,76.36
610,45,52,92,1.48,136.16
611,45,36,87,3.05,265.35
612,45,28,44,27.52,1210.88
613,45,20,50,1.02,51.0
614,45,42,44,1.82,80.08
615,45,24,43,58.3,2506.9
616,45,27,58,11.71,679.18
617,45,11,40,1.34,53.6
618,45,29,99,49.16,4866.84
619,45,59,67,1.65,110.55
620,45,9,83,1.02,84.66
621,45,40,83,3.9,323.7
622,45,5,50,1.0,50.0
623,45,51,73,0.74,54.02
624,45,39,81,1.73,140.13
625,45,8,30,0.94,28.2
626,46,59,53,1.33,70.49
627,46,33,51,1.5,76.5
628,46,43,24,0.86,20.64
629,46,56,49,1.01,49.49
630,46,4,31,0.86,26.66
631,46,51,61,0.62,37.82
632,46,28,38,33.66,1279.08
633,46,8,58,0.93,53.94
634,46,55,84,0.3,25.2
635,46,54,73,2.3,167.9
636,46,58,27,1.0,27.0
637,46,42,24,1.81,43.44
638,46,40,61,5.42,330.62
639,47,41,28,4.07,113.96
640,47,21,44,40.63,1787.72
641,47,22,53,12.18,645.54
642,47,34,40,1.6,64.0
643,47,50,96,1.0,96.0
644,47,12,50,0.59,29.5
645,47,27,90,11.9,1071.0
646,47,45,67,1.3,87.1
647,47,38,75,2.69,201.75
648,47,28,53,25.0,1325.0
649,47,43,81,1.1,89.1
650,47,57,39,1.53,59.67
651,47,54,87,2.35,204.45
652,47,48,83,0.93,77.19
653,47,18,65,1.69,109.85
654,47,24,39,57.56,2244.84
655,47,14,69,1.43,98.67
656,47,52,40,1.6,64.0
657,47,42,89,2.12,188.68
658,47,9,72,1.08,77.76
659,48,36,37,3.18,117.66
660,48,22,75,10.52,789.0
661,48,42,43,2.17,93.31
662,48,17,38,0.69,26.22
663,48,4,83,1.03,85.49
664,48,30,53,48.82,2587.46
665,48,37,76,4.35,330.6
666,48,26,23,49.31,1134.13
667,48,9,32,0.94,30.08
668,48,54,21,1.79,37.59
669,48,2,100,1.06,106.0
670,48,56,80,0.89,71.2
671,48,16,75,0.59,44.25
672,49,59,44,1.64,72.16
673,49,28,77,24.57,1891.89
674,49,49,63,2.67,168.21
675,49,60,44,0.33,14.52
676,49,9,61,1.11,67.71
677,49,44,63,1.73,108.99
678,49,24,67,50.96,3414.32
679,49,55,72,0.29,20.88
680,49,45,79,1.25,98.75
681,49,8,41,1.15,47.15
682,49,30,30,45.55,1366.5
683,49,3,32,1.19,38.08
684,49,31,80,2.73,218.4
685,49,43,48,0.95,45.6
686,50,44,28,1.53,42.84
687,50,22,37,13.54,500.98
688,50,43,83,0.85,70.55
689,50,57,42,1.3,54.6
690,50,33,70,1.19,83.3
691,50,53,38,1.31,49.78
692,50,47,79,1.2,94.8
693,50,3,39,1.59,62.01
694,50,8,63,0.9,56.7
695,50,29,40,49.44,1977.6
696,50,7,87,0.5,43.5
697,50,51,29,0.78,22.62
698,51,20,46,1.19,54.74
699,51,5,24,0.91,21.84
700,51,11,33,1.68,55.44
701,51,45,65,1.17,76.05
702,51,43,83,0.94,78.02
703,51,57,29,1.29,37.41
704,51,44,35,1.44,50.4
705,51,22,48,12.31,590.88
706,51,7,68,0.54,36.72
707,51,40,95,4.66,442.7
708,51,49,68,2.21,150.28
709,51,52,28,1.48,41.44
710,51,19,82,0.56,45.92
711,51,26,56,42.79,2396.24
712,51,25,83,39.4,3270.2
713,51,34,48,1.59,76.32
714,51,39,36,1.72,61.92
715,51,18,49,1.57,76.93
716,52,24,21,55.84,1172.64
717,52,34,81,1.71,138.51
718,52,49,54,2.82,152.28
719,52,48,25,0.83,20.75
720,52,43,100,0.99,99.0
721,52,14,27,1.14,30.78
722,52,19,55,0.54,29.7
723,52,33,45,1.45,65.25
724,52,20,59,1.19,70.21
725,52,59,32,1.26,40.32
726,52,58,84,0.97,81.48
727,52,25,82,45.15,3702.3
728,52,5,63,0.77,48.51
729,52,46,100,0.87,87.0
730,52,15,90,0.99,89.1
731,52,2,92,1.23,113.16
732,52,10,25,1.21,30.25
733,52,1,100,0.59,59.0
734,52,42,38,1.84,69.92
735,53,38,70,2.41,168.7
736,53,50,64,0.96,61.44
737,53,39,58,2.19,127.02
738,53,56,100,1.02,102.0
739,53,3,25,1.18,29.5
740,53,49,43,2.61,112.23
741,53,2,42,1.08,45.36
742,53,14,64,1.11,71.04
743,53,13,36,1.57,56.52
744,53,53,96,1.36,130.56
745,53,47,41,1.33,54.53
746,54,17,82,0.79,64.78
747,54,35,94,4.64,436.16
748,54,36,34,3.12,106.08
749,54,7,58,0.5,29.0
750,54,52,76,1.41,107.16
751,54,30,35,51.03,1786.05
752,54,31,32,3.24,103.68
753,54,11,39,1.64,63.96
754,54,49,65,2.29,148.85
755,54,22,98,13.23,1296.54
756,54,1,74,0.47,34.78
757,54,41,72,3.92,282.24
758,54,27,85,12.09,1027.65
759,54,38,55,2.61,143.55
760,54,29,30,49.21,1476.3
761,54,48,41,0.83,34.03
762,54,44,81,1.72,139.32
763,54,24,62,55.13,3418.06
764,55,42,95,1.62,153.9
765,55,21,99,38.93,3854.07
766,55,34,62,1.73,107.26
767,55,59,29,1.5,43.5
768,55,46,84,0.9,75.6
769,55,43,53,0.89,47.17
770,55,31,82,3.13,256.66
771,55,18,48,1.71,82.08
772,55,29,30,46.54,1396.2
773,55,50,57,0.95,54.15
774,55,12,90,0.74,66.6
775,55,32,37,3.19,118.03
776,55,47,51,1.27,64.77
777,55,40,84,4.99,419.16
778,55,36,50,3.17,158.5
779,55,22,76,10.76,817.76
780,55,9,55,0.97,53.35
781,55,3,82,1.54,126.28
782,55,39,99,2.22,219.78
783,56,40,72,4.76,342.72
784,56,31,25,3.42,85.5
785,56,59,74,1.21,89.54
786,56,26,38,47.76,1814.88
787,56,45,61,1.29,78.69
788,56,49,77,2.57,197.89
789,56,41,89,3.24,288.36
790,56,58,82,0.84,68.88
791,56,13,67,1.77,118.59
792,56,33,59,1.24,73.16
793,56,50,71,0.98,69.58
794,56,29,26,47.58,1237.08
795,57,31,34,2.91,98.94
796,57,45,92,1.17,107.64
797,57,6,76,0.7,53.2
798,57,3,23,1.46,33.58
799,57,21,78,46.35,3615.3
800,57,40,41,4.55,186.55
801,57,46,94,0.68,63.92
802,57,27,55,13.19,725.45
803,57,43,64,0.99,63.36
804,57,30,89,47.05,4187.45
805,57,10,30,1.0,30.0
806,57,33,29,1.46,42.34
807,57,57,31,1.35,41.85
808,57,52,80,1.29,103.2
809,57,22,33,11.29,372.57
810,57,26,74,44.16,3267.84
811,57,28,43,27.03,1162.29
812,57,23,99,45.5,4504.5
813,58,58,88,1.12,98.56
814,58,15,23,0.99,22.77
815,58,37,47,4.1,192.7
816,58,20,35,1.06,37.1
817,58,49,50,2.99,149.5
818,58,35,47,5.32,250.04
819,58,22,61,12.46,760.06
820,58,39,82,1.95,159.9
821,58,18,87,1.6,139.2
822,58,52,56,1.19,66.64
823,58,34,42,1.53,64.26
824,58,17,59,0.68,40.12
825,58,24,25,50.1,1252.5
826,58,7,76,0.62,47.12
827,58,53,22,1.38,30.36
828,58,9,28,0.87,24.36
829,58,55,74,0.34,25.16
830,58,36,43,3.24,139.32
831,59,37,59,4.28,252.52
832,59,3,97,1.55,150.35
833,59,12,31,0.75,23.25
834,59,46,43,0.93,39.99
835,59,29,82,38.98,3196.36
836,59,19,23,0.67,15.41
837,59,1,77,0.52,40.04
838,59,20,67,0.96,64.32
839,59,2,34,1.36,46.24
840,59,45,94,1.31,123.14
841,59,16,33,0.75,24.75
842,59,36,47,3.19,149.93
843,59,42,34,2.01,68.34
844,59,18,28,1.85,51.8
845,59,21,27,47.57,1284.39
846,59,41,41,3.23,132.43
847,60,49,43,2.88,123.84
848,60,42,73,1.71,124.83
849,60,12,51,0.62,31.62
850,60,48,65,0.75,48.75
851,60,30,23,54.79,1260.17
852,60,10,21,0.99,20.79
853,60,2,70,1.24,86.8
854,60,52,73,1.55,113.15
855,60,55,51,0.35,17.85
856,60,47,90,1.14,102.6
857,60,18,25,1.48,37.0
858,60,23,25,50.09,1252.25
859,60,29,55,43.96,2417.8
860,60,17,84,0.73,61.32
861,60,39,61,2.07,126.27
862,60,33,49,1.14,55.86
863,60,54,46,2.19,100.74
864,60,45,91,1.38,125.58
865,60,7,53,0.52,27.56
866,60,32,55,3.12,171.6
867,61,8,34,0.94,31.96
868,61,30,82,45.19,3705.58
869,61,19,41,0.69,28.29
870,61,36,72,2.99,215.28
871,61,7,92,0.64,58.88
872,61,31,59,2.83,166.97
873,61,38,73,2.43,177.39
874,61,57,45,1.6,72.0
875,61,49,100,2.46,246.0
876,61,32,48,3.47,166.56
877,61,43,100,0.98,98.0
878,61,15,24,0.86,20.64
879,61,42,21,2.09,43.89
880,61,48,41,0.72,29.52
881,61,1,40,0.57,22.8
882,61,11,73,1.62,118.26
883,61,45,64,1.43,91.52
884,61,54,65,2.2,143.0
885,62,31,41,3.38,138.58
886,62,28,66,25.6,1689.6
887,62,52,87,1.46,127.02
888,62,19,65,0.7,45.5
889,62,25,99,38.26,3787.74
890,62,4,90,1.07,96.3
891,62,46,72,0.76,54.72
892,62,18,37,1.76,65.12
893,62,12,56,0.78,43.68
894,62,27,43,12.57,540.51
895,62,14,75,1.34,100.5
896,62,37,51,3.27,166.77
897,62,48,33,0.74,24.42
898,63,59,52,1.45,75.4
899,63,28,54,33.73,1821.42
900,63,18,57,1.79,102.03
901,63,53,49,1.58,77.42
902,63,5,70,0.86,60.2
903,63,48,80,0.69,55.2
904,63,23,100,51.47,5147.0
905,63,7,65,0.6,39.0
906,63,3,50,1.35,67.5
907,63,12,87,0.66,57.42
908,63,50,30,0.95,28.5
909,63,35,45,5.28,237.6
910,63,55,36,0.4,14.4
911,63,10,91,1.37,124.67
912,63,24,98,53.82,5274.36
913,63,36,78,2.67,208.26
914,63,34,40,1.73,69.2
915,63,27,74,13.4,991.6
916,63,26,59,44.24,2610.16
917,63,47,98,1.08,105.84
918,64,9,89,0.94,83.66
919,64,21,30,51.88,1556.4
920,64,38,50,2.84,142.0
921,64,53,99,1.63,161.37
922,64,13,84,1.58,132.72
923,64,5,21,0.96,20.16
924,64,39,77,1.94,149.38
925,64,51,95,0.69,65.55
926,64,60,91,0.36,32.76
927,64,42,57,1.94,110.58
928,65,12,68,0.63,42.84
929,65,20,59,1.06,62.54
930,65,19,51,0.53,27.03
931,65,60,96,0.27,25.92
932,65,31,74,2.75,203.5
933,65,13,48,1.82,87.36
934,65,37,93,3.47,322.71
935,65,25,40,35.55,1422.0
936,65,1,73,0.59,43.07
937,65,50,67,0.96,64.32
938,65,30,57,54.49,3105.93
939,65,6,82,0.72,59.04
940,65,58,82,0.82,67.24
941,65,44,61,1.78,108.58
942,66,8,55,0.95,52.25
943,66,44,85,1.87,158.95
944,66,49,92,2.55,234.6
945,66,53,45,1.44,64.8
946,66,28,49,28.45,1394.05
947,66,11,40,1.41,56.4
948,66,31,67,3.03,203.01
949,66,47,58,1.38,80.04
950,66,1,37,0.5,18.5
951,67,54,85,1.99,169.15
952,67,10,92,1.08,99.36
953,67,23,93,59.31,5515.83
954,67,30,78,43.19,3368.82
955,67,5,41,0.92,37.72
956,67,2,45,1.21,54.45
957,67,48,24,0.82,19.68
958,67,44,87,1.68,146.16
959,67,39,44,1.85,81.4
960,67,58,47,1.06,49.82
961,67,51,78,0.73,56.94
962,67,13,30,1.46,43.8
963,67,31,89,3.23,287.47
964,67,11,38,1.68,63.84
965,67,1,30,0.61,18.3
966,68,50,47,1.04,48.88
967,68,19,56,0.57,31.92
968,68,51,55,0.74,40.7
969,68,47,23,1.29,29.67
970,68,21,21,49.63,1042.23
971,68,30,50,40.68,2034.0
972,68,1,91,0.6,54.6
973,68,53,83,1.55,128.65
974,68,36,28,2.54,71.12
975,68,23,37,54.42,2013.54
976,68,10,73,1.03,75.19
977,68,28,95,30.3,2878.5
978,68,58,97,1.01,97.97
979,68,60,60,0.37,22.2
980,68,49,80,2.48,198.4
981,68,56,94,0.89,83.66
982,69,50,38,1.13,42.94
983,69,5,25,0.91,22.75
984,69,10,48,1.31,62.88
985,69,54,71,1.79,127.09
986,69,29,60,48.0,2880.0
987,69,32,73,3.76,274.48
988,69,42,29,1.66,48.14
989,69,49,72,2.62,188.64
990,69,36,89,2.86,254.54
991,69,33,50,1.54,77.0
992,69,3,74,1.23,91.02
993,69,13,79,1.71,135.09
994,69,7,94,0.58,54.52
995,70,42,54,1.95,105.3
996,70,15,70,1.08,75.6
997,70,55,32,0.36,11.52
998,70,33,85,1.29,109.65
999,70,8,23,0.87,20.01
1000,70,5,77,0.85,65.45
1001,70,24,85,49.39,4198.15
1002,70,46,64,0.75,48.0
1003,71,6,32,0.66,21.12
1004,71,24,95,49.01,4655.95
1005,71,43,40,1.02,40.8
1006,71,29,73,37.93,2768.89
1007,71,9,25,0.86,21.5
1008,71,52,44,1.44,63.36
1009,71,31,92,2.68,246.56
1010,71,13,98,1.82,178.36
1011,71,55,23,0.36,8.28
1012,71,8,41,0.89,36.49
1013,72,29,33,44.67,1474.11
1014,72,50,91,1.03,93.73
1015,72,28,63,33.19,2090.97
1016,72,27,86,13.59,1168.74
1017,72,39,57,1.7,96.9
1018,72,23,22,48.73,1072.06
1019,72,6,94,0.77,72.38
1020,72,14,67,1.36,91.12
1021,72,13,77,1.71,131.67
1022,72,49,40,2.48,99.2
1023,72,33,76,1.5,114.0
1024,72,58,20,1.12,22.4
1025,73,4,71,0.94,66.74
1026,73,3,33,1.22,40.26
1027,73,41,21,3.68,77.28
1028,73,22,51,10.6,540.6
1029,73,43,32,1.04,33.28
1030,73,8,71,1.04,73.84
1031,73,25,92,48.15,4429.8
1032,73,14,30,1.35,40.5
1033,73,29,92,41.37,3806.04
1034,73,12,90,0.6,54.0
1035,73,23,64,51.66,3306.24
1036,73,52,93,1.61,149.73
1037,73,31,75,3.36,252.0
1038,73,28,93,32.55,3027.15
1039,73,15,47,1.08,50.76
1040,73,24,63,47.7,3005.1
1041,73,9,53,1.1,58.3
1042,74,2,98,1.19,116.62
1043,74,15,72,0.89,64.08
1044,74,54,94,2.28,214.32
1045,74,24,41,45.89,1881.49
1046,74,23,32,57.11,1827.52
1047,74,25,65,48.08,3125.2
1048,74,41,95,3.38,321.1
1049,74,40,23,5.06,116.38
1050,74,31,38,3.34,126.92
1051,74,60,44,0.29,12.76
1052,74,35,32,4.74,151.68
1053,74,14,84,1.42,119.28
1054,74,45,80,1.34,107.2
1055,74,7,33,0.6,19.8
1056,75,6,35,0.83,29.05
1057,75,58,41,0.95,38.95
1058,75,12,38,0.76,28.88
1059,75,10,77,1.13,87.01
1060,75,7,82,0.49,40.18
1061,75,51,98,0.81,79.38
1062,75,59,59,1.61,94.99
1063,75,14,80,1.27,101.6
1064,75,44,55,1.77,97.35
1065,75,20,71,1.21,85.91
1066,75,43,28,0.83,23.24
1067,75,27,53,15.56,824.68
1068,75,31,90,3.47,312.3
1069,75,3,21,1.47,30.87
1070,75,8,28,0.88,24.64
1071,75,56,57,0.98,55.86
1072,76,51,89,0.82,72.98
1073,76,56,57,0.75,42.75
1074,76,59,58,1.23,71.34
1075,76,11,57,1.7,96.9
1076,76,28,64,26.48,1694.72
1077,76,23,28,49.61,1389.08
1078,76,58,71,1.07,75.97
1079,76,55,100,0.36,36.0
1080,76,4,47,1.09,51.23
1081,76,41,41,3.81,156.21
1082,76,25,33,48.04,1585.32
1083,77,12,21,0.64,13.44
1084,77,60,21,0.27,5.67
1085,77,3,27,1.29,34.83
1086,77,53,53,1.6,84.8
1087,77,32,70,3.59,251.3
1088,77,52,61,1.37,83.57
1089,77,34,68,1.84,125.12
1090,77,20,42,1.02,42.84
1091,77,14,31,1.1,34.1
1092,77,19,58,0.57,33.06
1093,77,18,94,1.7,159.8
1094,77,50,31,0.92,28.52
1095,77,58,33,1.04,34.32
1096,77,35,39,4.93,192.27
1097,77,29,64,41.99,2687.36
1098,77,39,48,2.22,106.56
1099,78,33,77,1.35,103.95
1100,78,22,25,11.95,298.75
1101,78,60,85,0.28,23.8
1102,78,51,30,0.8,24.0
1103,78,19,90,0.72,64.8
1104,78,55,54,0.32,17.28
1105,78,34,28,1.75,49.0
1106,78,49,53,2.5,132.5
1107,78,13,31,1.74,53.94
1108,78,30,80,45.16,3612.8
1109,78,37,90,3.74,336.6
1110,78,43,55,0.81,44.55
1111,78,2,22,1.3,28.6
1112,78,26,62,45.76,2837.12
1113,78,24,91,59.88,5449.08
1114,78,6,63,0.85,53.55
1115,78,46,47,0.88,41.36
1116,78,23,84,54.63,4588.92
1117,78,20,36,1.21,43.56
1118,78,41,29,3.01,87.29
1119,79,26,58,48.11,2790.38
1120,79,21,30,42.09,1262.7
1121,79,30,20,42.88,857.6
1122,79,37,51,3.82,194.82
1123,79,31,73,3.39,247.47
1124,79,20,70,1.15,80.5
1125,79,47,84,1.17,98.28
1126,79,35,20,4.66,93.2
1127,79,48,48,0.78,37.44
1128,79,7,29,0.61,17.69
1129,79,42,77,1.86,143.22
1130,79,12,29,0.79,22.91
1131,80,37,88,3.74,329.12
1132,80,43,24,0.96,23.04
1133,80,2,75,1.22,91.5
1134,80,26,59,39.14,2309.26
1135,80,21,72,38.7,2786.4
1136,80,20,91,0.98,89.18
1137,80,12,92,0.62,57.04
1138,80,19,22,0.63,13.86
1139,80,27,93,15.81,1470.33
1140,81,30,28,51.69,1447.32
1141,81,5,89,0.78,69.42
1142,81,17,97,0.74,71.78
1143,81,55,51,0.36,18.36
1144,81,47,31,1.34,41.54
1145,81,23,31,59.34,1839.54
1146,81,6,35,0.86,30.1
1147,81,25,31,36.34,1126.54
1148,81,35,71,4.21,298.91
1149,81,29,32,37.34,1194.88
1150,81,4,25,0.96,24.0
1151,81,50,33,1.0,33.0
1152,81,32,49,3.49,171.01
1153,81,16,88,0.62,54.56
1154,82,26,97,36.81,3570.57
1155,82,20,33,0.9,29.7
1156,82,37,36,3.96,142.56
1157,82,12,27,0.59,15.93
1158,82,22,45,11.24,505.8
1159,82,17,41,0.61,25.01
1160,82,39,62,1.97,122.14
1161,82,48,49,0.68,33.32
1162,82,50,62,1.16,71.92
1163,82,53,33,1.44,47.52
1164,82,38,62,2.31,143.22
1165,82,60,43,0.37,15.91
1166,82,41,80,3.27,261.6
1167,82,23,83,50.46,4188.18
1168,82,34,75,1.92,144.0
1169,82,32,66,3.03,199.98
1170,82,58,90,1.06,95.4
1171,82,9,30,1.0,30.0
1172,82,11,48,1.43,68.64
1173,82,57,48,1.28,61.44
1174,83,34,64,1.79,114.56
1175,83,57,25,1.29,32.25
1176,83,3,54,1.54,83.16
1177,83,23,43,46.88,2015.84
1178,83,25,82,35.64,2922.48
1179,83,36,33,3.2,105.6
1180,83,60,99,0.34,33.66
1181,83,53,40,1.38,55.2
1182,83,7,96,0.64,61.44
1183,83,10,92,1.16,106.72
1184,83,9,89,0.91,80.99
1185,83,15,43,1.04,44.72
1186,83,41,84,4.0,336.0
1187,84,22,100,11.8,1180.0
1188,84,43,86,0.94,80.84
1189,84,17,68,0.79,53.72
1190,84,45,27,1.44,38.88
1191,84,38,91,2.83,257.53
1192,84,6,78,0.86,67.08
1193,84,13,70,1.62,113.4
1194,84,58,96,0.84,80.64
1195,84,53,50,1.37,68.5
1196,84,20,37,1.1,40.7
1197,85,60,45,0.28,12.6
1198,85,11,88,1.55,136.4
1199,85,19,26,0.69,17.94
1200,85,46,50,0.77,38.5
1201,85,39,32,2.09,66.88
1202,85,12,41,0.63,25.83
1203,85,10,41,1.13,46.33
1204,85,3,70,1.46,102.2
1205,85,31,50,2.69,134.5
1206,85,45,27,1.3,35.1
1207,85,44,44,1.43,62.92
1208,85,5,68,0.84,57.12
1209,85,27,96,12.56,1205.76
1210,85,8,67,1.02,68.34
1211,85,24,83,61.44,5099.52
1212,85,57,98,1.41,138.18
1213,85,40,69,5.27,363.63
1214,86,16,100,0.66,66.0
1215,86,17,57,0.64,36.48
1216,86,1,85,0.48,40.8
1217,86,37,38,3.51,133.38
1218,86,42,62,1.83,113.46
1219,86,28,56,30.92,1731.52
1220,86,24,41,45.08,1848.28
1221,86,36,91,3.12,283.92
1222,86,43,39,0.91,35.49
1223,86,20,55,1.14,62.7
1224,86,7,66,0.62,40.92
1225,86,30,93,50.77,4721.61
1226,86,9,100,1.09,109.0
1227,86,4,100,1.05,105.0
1228,86,5,76,0.94,71.44
1229,87,46,49,0.91,44.59
1230,87,23,24,52.13,1251.12
1231,87,12,27,0.71,19.17
1232,87,34,83,1.55,128.65
1233,87,60,31,0.37,11.47
1234,87,13,42,1.49,62.58
1235,87,25,63,35.46,2233.98
1236,87,55,65,0.3,19.5
1237,87,42,50,2.08,104.0
1238,87,39,71,1.74,123.54
1239,87,31,51,2.98,151.98
1240,87,18,41,1.49,61.09
1241,87,2,52,1.37,71.24
1242,87,41,46,4.04,185.84
1243,87,51,100,0.82,82.0
1244,87,1,100,0.55,55.0
1245,87,59,82,1.33,109.06
1246,87,19,28,0.63,17.64
1247,88,9,56,0.9,50.4
1248,88,33,74,1.2,88.8
1249,88,31,32,2.71,86.72
1250,88,49,43,2.18,93.74
1251,88,60,94,0.28,26.32
1252,88,8,78,1.18,92.04
1253,88,4,54,0.92,49.68
1254,88,1,92,0.51,46.92
1255,88,39,77,2.1,161.7
1256,88,25,61,46.42,2831.62
1257,88,52,70,1.17,81.9
1258,88,13,76,1.61,122.36
1259,88,50,29,0.92,26.68
1260,88,26,71,41.04,2913.84
1261,89,50,76,0.95,72.2
1262,89,16,70,0.71,49.7
1263,89,6,33,0.77,25.41
1264,89,3,55,1.27,69.85
1265,89,44,97,1.36,131.92
1266,89,14,71,1.31,93.01
1267,89,21,74,38.17,2824.58
1268,89,25,92,44.21,4067.32
1269,89,15,22,1.03,22.66
1270,89,26,96,36.54,3507.84
1271,89,22,30,11.56,346.8
1272,89,1,29,0.63,18.27
1273,89,10,67,1.08,72.36
1274,89,41,30,3.67,110.1
1275,89,42,100,1.91,191.0
1276,89,59,90,1.34,120.6
1277,89,55,67,0.31,20.77
1278,90,58,23,0.93,21.39
1279,90,51,41,0.63,25.83
1280,90,42,35,1.83,64.05
1281,90,28,100,24.52,2452.0
1282,90,43,98,1.06,103.88
1283,90,5,50,0.82,41.0
1284,90,27,63,15.65,985.95
1285,90,39,59,1.85,109.15
1286,90,57,41,1.65,67.65
1287,90,36,91,2.87,261.17
1288,90,59,55,1.49,81.95
1289,90,49,52,2.3,119.6
1290,90,32,24,3.16,75.84
1291,90,50,69,0.84,57.96
1292,90,11,97,1.4,135.8
1293,90,24,78,57.36,4474.08
1294,91,55,53,0.39,20.67
1295,91,21,40,47.94,1917.6
1296,91,8,20,1.05,21.0
1297,91,36,62,2.39,148.18
1298,91,56,48,0.98,47.04
1299,91,22,93,13.51,1256.43
1300,91,4,61,0.95,57.95
1301,91,50,92,1.05,96.6
1302,91,31,90,3.36,302.4
1303,91,17,42,0.79,33.18
1304,91,32,99,3.53,349.47
1305,91,48,52,0.87,45.24
1306,91,58,97,1.13,109.61
1307,92,46,89,0.71,63.19
1308,92,29,67,44.45,2978.15
1309,92,58,55,0.82,45.1
1310,92,18,87,1.49,129.63
1311,92,25,100,42.53,4253.0
1312,92,34,23,1.61,37.03
1313,92,19,100,0.53,53.0
1314,92,2,26,1.27,33.02
1315,93,56,83,0.98,81.34
1316,93,11,68,1.62,110.16
1317,93,34,22,1.89,41.58
1318,93,3,74,1.53,113.22
1319,93,1,75,0.49,36.75
1320,93,58,50,1.03,51.5
1321,93,37,20,4.16,83.2
1322,93,57,89,1.3,115.7
1323,93,20,49,0.89,43.61
1324,93,18,48,1.45,69.6
1325,93,45,52,1.47,76.44
1326,93,51,46,0.76,34.96
1327,93,39,97,1.77,171.69
1328,93,26,100,47.24,4724.0
1329,94,45,41,1.38,56.58
1330,94,24,25,46.29,1157.25
1331,94,18,20,1.8,36.0
1332,94,26,73,45.47,3319.31
1333,94,43,65,1.03,66.95
1334,94,56,70,0.89,62.3
1335,94,11,56,1.49,83.44
1336,94,30,91,40.36,3672.76
1337,94,20,56,1.11,62.16
1338,94,15,65,0.94,61.1
1339,95,3,31,1.39,43.09
1340,95,1,42,0.47,19.74
1341,95,34,50,1.76,88.0
1342,95,11,21,1.35,28.35
1343,95,60,51,0.29,14.79
1344,95,7,89,0.56,49.84
1345,95,43,90,0.81,72.9
1346,95,29,33,42.09,1388.97
1347,95,45,29,1.41,40.89
1348,95,55,78,0.31,24.18
1349,95,14,62,1.4,86.8
1350,95,58,92,0.93,85.56
1351,95,28,60,30.26,1815.6
1352,95,39,36,2.08,74.88
1353,95,30,73,46.34,3382.82
1354,95,57,82,1.34,109.88
1355,95,46,45,0.86,38.7
1356,96,27,82,15.57,1276.74
1357,96,23,83,51.64,4286.12
1358,96,39,29,1.9,55.1
1359,96,3,61,1.24,75.64
1360,96,60,70,0.28,19.6
1361,96,2,86,1.43,122.98
1362,96,10,30,1.13,33.9
1363,96,52,57,1.35,76.95
1364,97,51,59,0.7,41.3
1365,97,47,65,1.33,86.45
1366,97,52,99,1.23,121.77
1367,97,7,33,0.57,18.81
1368,97,35,28,4.28,119.84
1369,97,19,81,0.61,49.41
1370,97,41,23,3.26,74.98
1371,97,46,84,0.75,63.0
1372,97,5,58,0.8,46.4
1373,97,13,68,1.61,109.48
1374,97,42,73,2.01,146.73
1375,97,34,88,2.06,181.28
1376,97,53,77,1.52,117.04
1377,97,39,92,1.62,149.04
1378,98,53,78,1.47,114.66
1379,98,18,40,1.84,73.6
1380,98,47,99,1.16,114.84
1381,98,31,27,2.98,80.46
1382,98,58,24,0.83,19.92
1383,98,40,50,4.09,204.5
1384,98,9,54,0.97,52.38
1385,98,29,60,48.38,2902.8
1386,99,32,35,3.16,110.6
1387,99,56,44,0.97,42.68
1388,99,10,56,1.16,64.96
1389,99,6,37,0.71,26.27
1390,99,1,62,0.52,32.24
1391,99,22,32,11.25,360.0
1392,99,57,40,1.23,49.2
1393,99,38,69,2.59,178.71
1394,99,41,60,3.0,180.0
1395,99,9,92,0.94,86.48
1396,99,39,69,1.87,129.03
1397,99,40,28,4.38,122.64
1398,99,27,76,15.02,1141.52
1399,99,11,25,1.53,38.25
1400,99,23,68,59.13,4020.84
1401,99,44,100,1.59,159.0
1402,99,8,40,1.1,44.0
1403,99,54,26,1.8,46.8
1404,99,19,96,0.63,60.48
1405,99,31,95,3.1,294.5
1406,100,49,28,2.81,78.68
1407,100,54,26,2.05,53.3
1408,100,9,50,1.09,54.5
1409,100,30,44,48.04,2113.76
1410,100,48,51,0.78,39.78
1411,100,57,89,1.67,148.63
1412,100,35,39,4.98,194.22
1413,100,26,83,41.81,3470.23
1414,100,47,42,1.45,60.9
1415,100,16,94,0.69,64.86
1416,100,60,27,0.33,8.91
1417,100,51,34,0.76,25.84
1418,100,8,85,1.18,100.3
1419,100,52,70,1.54,107.8
1420,100,36,94,2.71,254.74
1421,100,28,84,34.16,2869.44
1422,100,23,68,60.68,4126.24
1423,100,12,69,0.68,46.92
1424,100,33,61,1.44,87.84
1425,101,24,71,53.22,3778.62
1426,101,47,37,1.49,55.13
1427,101,48,85,0.7,59.5
1428,101,45,77,1.33,102.41
1429,101,52,80,1.41,112.8
1430,101,23,56,50.29,2816.24
1431,101,54,52,2.14,111.28
1432,101,37,59,3.48,205.32
1433,101,31,62,3.14,194.68
1434,101,57,63,1.41,88.83
1435,101,60,49,0.37,18.13
1436,101,2,64,1.13,72.32
1437,101,15,33,0.94,31.02
1438,101,50,23,0.9,20.7
1439,101,19,27,0.63,17.01
1440,101,41,44,3.48,153.12
1441,101,11,99,1.37,135.63
1442,101,39,66,2.16,142.56
1443,101,51,22,0.67,14.74
1444,102,50,28,0.87,24.36
1445,102,9,51,0.94,47.94
1446,102,39,78,1.95,152.1
1447,102,29,100,36.34,3634.0
1448,102,27,23,11.96,275.08
1449,102,16,81,0.59,47.79
1450,102,14,68,1.38,93.84
1451,102,40,31,4.61,142.91
1452,102,22,58,10.4,603.2
1453,102,23,43,57.57,2475.51
1454,102,53,51,1.47,74.97
1455,102,18,24,1.69,40.56
1456,102,35,93,5.08,472.44
1457,102,52,33,1.61,53.13
1458,102,5,62,0.76,47.12
1459,102,26,34,38.75,1317.5
1460,102,46,58,0.77,44.66
1461,102,58,66,1.12,73.92
1462,102,44,23,1.36,31.28
1463,103,39,87,2.14,186.18
1464,103,8,35,0.96,33.6
1465,103,14,56,1.16,64.96
1466,103,4,91,0.97,88.27
1467,103,42,74,2.13,157.62
1468,103,38,90,2.63,236.7
1469,103,6,61,0.72,43.92
1470,103,18,66,1.79,118.14
1471,103,27,86,12.89,1108.54
1472,103,58,87,1.06,92.22
1473,103,24,45,56.52,2543.4
1474,103,48,52,0.9,46.8
1475,103,50,83,1.02,84.66
1476,103,51,27,0.67,18.09
1477,103,29,54,41.4,2235.6
1478,103,53,93,1.47,136.71
1479,103,34,93,1.81,168.33
1480,104,25,54,36.39,1965.06
1481,104,1,91,0.57,51.87
1482,104,44,26,1.59,41.34
1483,104,19,51,0.61,31.11
1484,104,43,58,0.81,46.98
1485,104,54,50,2.3,115.0
1486,104,17,35,0.63,22.05
1487,104,36,48,2.59,124.32
1488,104,8,24,0.87,20.88
1489,104,46,55,0.81,44.55
1490,104,21,21,43.45,912.45
1491,104,55,63,0.38,23.94
1492,104,24,64,56.46,3613.44
1493,104,40,57,4.13,235.41
1494,104,26,69,35.76,2467.44
1495,104,33,97,1.56,151.32
1496,104,49,44,2.27,99.88
1497,105,10,61,1.18,71.98
1498,105,19,82,0.61,50.02
1499,105,7,52,0.52,27.04
1500,105,32,56,3.17,177.52
1501,105,39,56,2.21,123.76
1502,105,36,95,2.35,223.25
1503,105,59,84,1.6,134.4
1504,105,8,76,0.88,66.88
1505,105,31,45,2.58,116.1
1506,105,23,44,61.47,2704.68
1507,105,12,59,0.76,44.84
1508,105,48,71,0.8,56.8
1509,105,17,70,0.81,56.7
1510,105,52,89,1.52,135.28
1511,105,21,78,37.83,2950.74
1512,105,2,95,1.12,106.4
1513,105,1,61,0.57,34.77
1514,105,11,93,1.46,135.78
1515,106,27,64,15.02,961.28
1516,106,28,26,30.84,801.84
1517,106,54,35,1.77,61.95
1518,106,51,35,0.81,28.35
1519,106,44,64,1.39,88.96
1520,106,30,33,54.69,1804.77
1521,106,41,57,3.24,184.68
1522,106,29,84,41.62,3496.08
1523,106,45,59,1.14,67.26
1524,106,9,61,1.03,62.83
1525,106,60,68,0.37,25.16
1526,106,21,96,41.93,4025.28
1527,106,32,50,3.42,171.0
1528,106,3,75,1.17,87.75
1529,106,37,93,3.87,359.91
1530,106,36,53,2.62,138.86
1531,107,60,67,0.27,18.09
1532,107,3,97,1.21,117.37
1533,107,27,98,15.34,1503.32
1534,107,15,27,1.1,29.7
1535,107,54,21,2.33,48.93
1536,107,25,25,43.14,1078.5
1537,107,7,72,0.51,36.72
1538,107,22,68,13.73,933.64
1539,107,56,46,0.96,44.16
1540,107,42,36,1.81,65.16
1541,107,18,25,1.37,34.25
1542,107,55,20,0.36,7.2
1543,107,38,71,3.08,218.68
1544,107,46,61,0.91,55.51
1545,107,30,58,52.06,3019.48
1546,108,24,52,56.26,2925.52
1547,108,52,33,1.32,43.56
1548,108,7,64,0.56,35.84
1549,108,47,74,1.23,91.02
1550,108,28,49,33.66,1649.34
1551,108,33,82,1.21,99.22
1552,108,14,36,1.17,42.12
1553,108,43,70,0.89,62.3
1554,108,59,45,1.32,59.4
1555,108,27,86,15.44,1327.84
1556,108,31,29,2.59,75.11
1557,108,54,83,2.18,180.94
1558,108,11,60,1.56,93.6
1559,108,34,43,1.64,70.52
1560,108,45,29,1.17,33.93
1561,108,48,31,0.71,22.01
1562,108,29,80,43.57,3485.6
1563,108,35,38,5.04,191.52
1564,108,58,93,0.88,81.84
1565,109,19,71,0.55,39.05
1566,109,29,78,36.39,2838.42
1567,109,9,47,0.8,37.6
1568,109,42,47,2.1,98.7
1569,109,2,72,1.42,102.24
1570,109,36,49,2.55,124.95
1571,109,28,31,24.72,766.32
1572,109,38,78,2.91,226.98
1573,109,22,96,12.34,1184.64
1574,109,40,90,4.37,393.3
1575,109,14,88,1.29,113.52
1576,109,15,42,1.07,44.94
1577,109,32,73,3.25,237.25
1578,109,8,36,1.11,39.96
1579,109,53,29,1.44,41.76
1580,109,33,63,1.2,75.6
1581,109,3,62,1.18,73.16
1582,109,49,20,3.01,60.2
1583,109,54,26,2.12,55.12
1584,109,51,64,0.61,39.04
1585,110,44,78,1.67,130.26
1586,110,46,84,0.7,58.8
1587,110,25,66,43.31,2858.46
1588,110,56,48,0.88,42.24
1589,110,34,99,1.77,175.23
1590,110,13,72,1.47,105.84
1591,110,58,100,0.84,84.0
1592,110,43,41,0.91,37.31
1593,110,19,99,0.57,56.43
1594,110,60,77,0.38,29.26
1595,110,49,80,2.65,212.0
1596,110,42,99,1.6,158.4
1597,110,47,90,1.49,134.1
1598,110,54,28,2.01,56.28
1599,110,5,58,0.96,55.68
1600,110,20,44,0.91,40.04
1601,110,52,57,1.25,71.25
1602,110,48,61,0.68,41.48
1603,110,15,24,1.05,25.2
1604,110,11,26,1.38,35.88
1605,111,22,22,10.72,235.84
1606,111,4,30,1.04,31.2
1607,111,10,41,1.38,56.58
1608,111,31,51,2.76,140.76
1609,111,26,64,36.68,2347.52
1610,111,48,41,0.83,34.03
1611,111,38,89,2.41,214.49
1612,111,28,24,32.5,780.0
1613,111,18,96,1.5,144.0
1614,111,12,55,0.71,39.05
1615,111,1,67,0.61,40.87
1616,112,39,80,2.19,175.2
1617,112,40,63,5.39,339.57
1618,112,15,79,0.96,75.84
1619,112,20,34,1.05,35.7
1620,112,36,58,3.13,181.54
1621,112,2,22,1.44,31.68
1622,112,51,45,0.6,27.0
1623,112,13,79,1.49,117.71
1624,112,42,77,1.81,139.37
1625,112,56,88,0.74,65.12
1626,112,22,58,12.67,734.86
1627,113,23,63,60.56,3815.28
1628,113,2,80,1.07,85.6
1629,113,40,77,4.6,354.2
1630,113,34,58,1.78,103.24
1631,113,60,91,0.32,29.12
1632,113,21,52,49.95,2597.4
1633,113,43,86,1.11,95.46
1634,113,48,70,0.75,52.5
1635,113,42,79,2.1,165.9
1636,113,58,41,0.82,33.62
1637,113,51,85,0.78,66.3
1638,114,37,56,3.28,183.68
1639,114,3,26,1.26,32.76
1640,114,46,69,0.68,46.92
1641,114,60,74,0.36,26.64
1642,114,48,85,0.81,68.85
1643,114,28,25,26.9,672.5
1644,114,33,92,1.49,137.08
1645,114,11,73,1.44,105.12
1646,114,14,38,1.24,47.12
1647,114,53,67,1.71,114.57
1648,114,6,58,0.64,37.12
1649,115,13,25,1.56,39.0
1650,115,11,67,1.39,93.13
1651,115,54,76,1.92,145.92
1652,115,2,63,1.07,67.41
1653,115,7,22,0.54,11.88
1654,115,41,64,4.0,256.0
1655,115,52,34,1.46,49.64
1656,115,34,27,1.77,47.79
1657,116,51,48,0.8,38.4
1658,116,17,78,0.78,60.84
1659,116,3,95,1.44,136.8
1660,116,1,85,0.54,45.9
1661,116,31,33,3.37,111.21
1662,116,50,94,0.87,81.78
1663,116,49,62,2.87,177.94
1664,116,39,35,1.94,67.9
1665,116,57,89,1.4,124.6
1666,117,2,31,1.17,36.27
1667,117,27,99,12.08,1195.92
1668,117,60,91,0.31,28.21
1669,117,21,70,47.69,3338.3
1670,117,12,95,0.77,73.15
1671,117,54,29,1.98,57.42
1672,117,56,29,0.9,26.1
1673,117,36,64,3.25,208.0
1674,117,5,72,0.92,66.24
1675,117,53,25,1.47,36.75
1676,117,11,59,1.29,76.11
1677,117,10,98,1.07,104.86
1678,117,40,92,4.68,430.56
1679,117,4,29,0.99,28.71
1680,117,24,29,61.36,1779.44
1681,117,7,56,0.49,27.44
1682,117,51,42,0.62,26.04
1683,118,12,75,0.64,48.0
1684,118,41,79,3.11,245.69
1685,118,53,53,1.57,83.21
1686,118,51,49,0.73,35.77
1687,118,9,99,0.83,82.17
1688,118,21,25,38.55,963.75
1689,118,55,80,0.4,32.0
1690,118,7,82,0.56,45.92
1691,119,10,22,1.28,28.16
1692,119,29,44,42.25,1859.0
1693,119,47,79,1.12,88.48
1694,119,55,70,0.3,21.0
1695,119,2,63,1.39,87.57
1696,119,18,42,1.43,60.06
1697,119,33,57,1.12,63.84
1698,119,8,70,0.93,65.1
1699,119,45,79,1.08,85.32
1700,119,56,24,0.94,22.56
1701,119,57,20,1.44,28.8
1702,119,5,65,0.74,48.1
1703,119,37,40,4.12,164.8
1704,119,36,61,2.79,170.19
1705,119,44,63,1.71,107.73
1706,119,34,50,2.05,102.5
1707,119,50,76,0.84,63.84
1708,119,43,84,0.96,80.64
1709,119,35,63,4.28,269.64
1710,120,12,93,0.78,72.54
1711,120,56,39,0.83,32.37
1712,120,41,40,3.08,123.2
1713,120,23,37,57.98,2145.26
1714,120,2,99,1.28,126.72
1715,120,47,93,1.09,101.37
1716,120,27,50,12.77,638.5
1717,120,55,55,0.37,20.35
1718,120,28,89,33.34,2967.26
1719,120,29,35,39.05,1366.75
1720,120,51,30,0.79,23.7
1721,120,20,25,0.88,22.0
1722,120,38,26,2.37,61.62
1723,120,36,75,2.82,211.5
1724,120,50,46,1.12,51.52
1725,120,14,80,1.4,112.0
1726,120,42,72,1.91,137.52
1727,121,18,47,1.45,68.15
1728,121,3,66,1.26,83.16
1729,121,33,88,1.25,110.0
1730,121,50,48,1.09,52.32
1731,121,23,22,52.95,1164.9
1732,121,5,33,0.8,26.4
1733,121,52,28,1.36,38.08
1734,121,53,48,1.38,66.24
1735,121,14,76,1.16,88.16
1736,121,43,67,1.01,67.67
1737,121,51,39,0.7,27.3
1738,121,24,76,44.18,3357.68
1739,121,48,96,0.81,77.76
1740,121,42,100,1.67,167.0
1741,121,36,57,2.97,169.29
1742,121,22,87,10.44,908.28
1743,121,19,36,0.66,23.76
1744,122,29,100,44.02,4402.0
1745,122,15,28,1.0,28.0
1746,122,17,63,0.79,49.77
1747,122,19,20,0.56,11.2
1748,122,32,35,3.76,131.6
1749,122,56,74,1.01,74.74
1750,122,28,20,31.37,627.4
1751,122,41,95,3.54,336.3
1752,122,51,87,0.64,55.68
1753,122,5,31,0.87,26.97
1754,122,25,20,37.27,745.4
1755,122,39,23,1.83,42.09
1756,122,43,30,1.1,33.0
1757,122,36,81,2.76,223.56
1758,122,30,45,51.94,2337.3
1759,122,27,35,12.7,444.5
1760,122,23,84,60.05,5044.2
1761,122,22,66,10.43,688.38
1762,122,26,58,49.02,2843.16
1763,122,44,81,1.62,131.22
1764,123,36,84,2.84,238.56
1765,123,8,97,1.08,104.76
1766,123,11,24,1.33,31.92
1767,123,30,37,48.6,1798.2
1768,123,54,51,2.29,116.79
1769,123,31,85,2.78,236.3
1770,123,17,59,0.61,35.99
1771,123,6,24,0.74,17.76
1772,123,58,45,0.82,36.9
1773,123,15,26,1.13,29.38
1774,123,9,100,0.88,88.0
1775,124,6,56,0.72,40.32
1776,124,58,56,0.87,48.72
1777,124,16,73,0.68,49.64
1778,124,18,69,1.59,109.71
1779,124,31,48,2.98,143.04
1780,124,1,31,0.6,18.6
1781,124,33,46,1.23,56.58
1782,124,43,97,0.84,81.48
1783,125,46,56,0.9,50.4
1784,125,28,39,24.98,974.22
1785,125,8,46,0.93,42.78
1786,125,51,91,0.66,60.06
1787,125,9,52,0.85,44.2
1788,125,4,60,0.85,51.0
1789,125,37,54,4.5,243.0
1790,125,52,58,1.57,91.06
1791,125,25,83,35.84,2974.72
1792,125,56,59,0.95,56.05
1793,125,24,26,58.8,1528.8
1794,125,13,31,1.53,47.43
1795,125,6,38,0.72,27.36
1796,125,35,27,5.21,140.67
1797,125,59,42,1.56,65.52
1798,125,43,89,0.89,79.21
1799,125,47,97,1.42,137.74
1800,126,6,45,0.83,37.35
1801,126,3,26,1.54,40.04
1802,126,22,46,12.8,588.8
1803,126,5,29,0.84,24.36
1804,126,27,55,14.73,810.15
1805,126,19,50,0.56,28.0
1806,126,60,74,0.37,27.38
1807,126,11,74,1.58,116.92
1808,126,7,81,0.47,38.07
1809,126,31,93,2.68,249.24
1810,127,42,31,1.74,53.94
1811,127,4,65,1.08,70.2
1812,127,8,94,1.16,109.04
1813,127,6,64,0.72,46.08
1814,127,18,76,1.66,126.16
1815,127,17,71,0.65,46.15
1816,127,49,91,2.44,222.04
1817,127,24,53,50.01,2650.53
1818,127,35,50,4.02,201.0
1819,127,10,52,1.36,70.72
1820,127,36,37,2.42,89.54
1821,127,7,46,0.58,26.68
1822,127,56,88,0.87,76.56
1823,127,52,76,1.55,117.8
1824,127,30,73,47.22,3447.06
1825,128,25,27,45.24,1221.48
1826,128,32,45,3.03,136.35
1827,128,48,32,0.79,25.28
1828,128,28,56,29.79,1668.24
1829,128,57,39,1.34,52.26
1830,128,31,20,2.91,58.2
1831,128,5,48,0.88,42.24
1832,128,11,91,1.3,118.3
1833,128,29,28,49.44,1384.32
1834,128,4,65,0.92,59.8
1835,128,33,37,1.22,45.14
1836,129,45,76,1.45,110.2
1837,129,24,49,52.34,2564.66
1838,129,3,63,1.3,81.9
1839,129,13,74,1.82,134.68
1840,129,40,54,3.93,212.22
1841,129,28,88,29.53,2598.64
1842,129,23,68,57.46,3907.28
1843,129,59,81,1.28,103.68
1844,129,14,39,1.39,54.21
1845,129,37,96,3.32,318.72
1846,129,55,99,0.37,36.63
1847,130,24,72,53.92,3882.24
1848,130,56,84,1.02,85.68
1849,130,23,22,62.7,1379.4
1850,130,31,98,3.09,302.82
1851,130,45,34,1.29,43.86
1852,130,50,28,0.98,27.44
1853,130,38,66,2.9,191.4
1854,130,51,55,0.76,41.8
1855,130,16,100,0.66,66.0
1856,130,13,79,1.49,117.71
1857,130,41,81,3.78,306.18
1858,130,35,96,4.32,414.72
1859,130,3,66,1.14,75.24
1860,130,59,51,1.3,66.3
1861,130,2,99,1.12,110.88
1862,130,52,41,1.33,54.53
1863,130,22,40,10.83,433.2
1864,131,44,40,1.52,60.8
1865,131,56,26,0.79,20.54
1866,131,6,39,0.81,31.59
1867,131,15,38,0.98,37.24
1868,131,12,29,0.72,20.88
1869,131,33,68,1.25,85.0
1870,131,24,97,52.94,5135.18
1871,131,20,46,1.13,51.98
1872,131,2,37,1.26,46.62
1873,131,13,37,1.84,68.08
1874,131,37,96,3.42,328.32
1875,131,7,94,0.59,55.46
1876,131,58,84,1.02,85.68
1877,131,52,76,1.4,106.4
1878,131,14,20,1.24,24.8
1879,131,41,51,3.1,158.1
1880,131,26,40,45.85,1834.0
1881,132,38,74,2.8,207.2
1882,132,35,24,4.12,98.88
1883,132,33,92,1.53,140.76
1884,132,23,23,46.63,1072.49
1885,132,54,32,2.16,69.12
1886,132,29,21,40.6,852.6
1887,132,49,27,2.98,80.46
1888,132,55,21,0.34,7.14
1889,132,34,43,1.59,68.37
1890,132,39,100,2.06,206.0
1891,132,56,78,0.88,68.64
1892,133,18,48,1.75,84.0
1893,133,19,57,0.69,39.33
1894,133,29,50,43.49,2174.5
1895,133,26,96,42.35,4065.6
1896,133,40,67,4.97,332.99
1897,133,38,73,2.68,195.64
1898,133,54,82,2.21,181.22
1899,133,56,70,0.95,66.5
1900,133,12,96,0.8,76.8
1901,133,49,67,2.92,195.64
1902,133,7,25,0.54,13.5
1903,133,4,60,0.98,58.8
1904,133,9,45,1.02,45.9
1905,133,33,41,1.28,52.48
1906,133,36,25,2.56,64.0
1907,133,22,99,12.53,1240.47
1908,133,1,72,0.57,41.04
1909,133,37,27,4.2,113.4
1910,134,46,36,0.83,29.88
1911,134,43,100,0.89,89.0
1912,134,5,89,0.98,87.22
1913,134,47,65,1.42,92.3
1914,134,12,88,0.78,68.64
1915,134,48,92,0.7,64.4
1916,134,25,96,43.49,4175.04
1917,134,55,90,0.32,28.8
1918,134,51,94,0.6,56.4
1919,134,16,82,0.57,46.74
1920,134,6,58,0.86,49.88
1921,135,13,93,1.51,140.43
1922,135,53,53,1.66,87.98
1923,135,38,51,2.59,132.09
1924,135,6,69,0.67,46.23
1925,135,7,74,0.56,41.44
1926,135,58,48,1.01,48.48
1927,135,51,52,0.75,39.0
1928,135,3,44,1.32,58.08
1929,135,31,89,3.44,306.16
1930,135,11,21,1.37,28.77
1931,135,15,81,0.94,76.14
1932,135,22,61,10.94,667.34
1933,136,31,31,3.08,95.48
1934,136,8,67,0.95,63.65
1935,136,52,34,1.17,39.78
1936,136,41,42,4.06,170.52
1937,136,27,90,16.31,1467.9
1938,136,16,91,0.61,55.51
1939,136,33,61,1.5,91.5
1940,136,46,50,0.75,37.5
1941,136,47,25,1.21,30.25
1942,136,23,47,57.39,2697.33
1943,136,20,91,1.03,93.73
1944,136,21,57,37.58,2142.06
1945,136,30,57,41.06,2340.42
1946,136,35,37,4.86,179.82
1947,136,28,75,25.16,1887.0
1948,136,39,56,2.11,118.16
1949,136,53,32,1.3,41.6
1950,137,60,79,0.27,21.33
1951,137,9,34,1.01,34.34
1952,137,27,30,13.43,402.9
1953,137,56,47,1.0,47.0
1954,137,45,40,1.42,56.8
1955,137,48,53,0.72,38.16
1956,137,4,35,0.94,32.9
1957,137,41,70,3.22,225.4
1958,137,15,56,0.83,46.48
1959,137,30,27,53.6,1447.2
1960,137,3,20,1.21,24.2
1961,137,44,21,1.48,31.08
1962,137,34,89,1.57,139.73
1963,138,14,49,1.21,59.29
1964,138,44,93,1.38,128.34
1965,138,35,59,4.27,251.93
1966,138,5,99,0.89,88.11
1967,138,27,57,15.02,856.14
1968,138,59,71,1.29,91.59
1969,138,30,72,43.42,3126.24
1970,138,4,69,1.02,70.38
1971,138,38,47,2.53,118.91
1972,138,7,85,0.64,54.4
1973,138,12,37,0.71,26.27
1974,139,60,61,0.31,18.91
1975,139,40,56,4.01,224.56
1976,139,37,57,4.49,255.93
1977,139,38,95,2.9,275.5
1978,139,47,48,1.33,63.84
1979,139,44,77,1.35,103.95
1980,139,36,85,3.13,266.05
1981,139,42,59,2.18,128.62
1982,139,25,77,39.89,3071.53
1983,139,50,96,1.04,99.84
1984,139,5,56,0.97,54.32
1985,139,43,42,1.1,46.2
1986,140,8,88,0.96,84.48
1987,140,5,94,0.87,81.78
1988,140,41,71,3.23,229.33
1989,140,48,59,0.83,48.97
1990,140,29,87,49.78,4330.86
1991,140,42,64,1.65,105.6
1992,140,35,97,4.7,455.9
1993,140,31,78,2.86,223.08
1994,140,46,72,0.9,64.8
1995,140,55,29,0.38,11.02
1996,140,50,64,0.85,54.4
1997,140,3,47,1.24,58.28
1998,140,47,84,1.35,113.4
1999,140,2,66,1.37,90.42
2000,141,5,51,0.81,41.31
2001,141,14,77,1.41,108.57
2002,141,16,69,0.61,42.09
2003,141,10,81,1.09,88.29
2004,141,6,49,0.69,33.81
2005,141,39,87,2.15,187.05
2006,141,19,86,0.58,49.88
2007,141,28,30,24.62,738.6
2008,141,37,31,4.32,133.92
2009,141,51,52,0.67,34.84
2010,141,2,91,1.13,102.83
2011,142,9,78,0.89,69.42
2012,142,36,43,2.72,116.96
2013,142,48,26,0.94,24.44
2014,142,19,30,0.58,17.4
2015,142,4,36,0.83,29.88
2016,142,46,43,0.84,36.12
2017,142,3,51,1.52,77.52
2018,142,47,73,1.38,100.74
2019,142,35,68,4.48,304.64
2020,142,18,59,1.7,100.3
2021,142,31,22,2.59,56.98
2022,142,14,73,1.44,105.12
2023,142,45,84,1.3,109.2
2024,143,9,95,0.98,93.1
2025,143,29,33,36.12,1191.96
2026,143,19,79,0.68,53.72
2027,143,27,93,15.04,1398.72
2028,143,12,20,0.69,13.8
2029,143,41,62,3.17,196.54
2030,143,39,33,1.87,61.71
2031,143,44,55,1.67,91.85
2032,143,6,62,0.67,41.54
2033,143,11,80,1.43,114.4
2034,143,28,36,25.69,924.84
2035,143,52,41,1.27,52.07
2036,143,36,97,2.48,240.56
2037,143,1,55,0.56,30.8
2038,143,18,87,1.7,147.9
2039,143,2,79,1.11,87.69
2040,143,25,53,34.62,1834.86
2041,144,60,90,0.35,31.5
2042,144,8,53,0.94,49.82
2043,144,27,49,12.32,603.68
2044,144,42,98,1.76,172.48
2045,144,33,55,1.49,81.95
2046,144,51,64,0.79,50.56
2047,144,54,45,2.1,94.5
2048,144,28,86,33.1,2846.6
2049,144,7,46,0.57,26.22
2050,144,59,53,1.51,80.03
2051,144,1,30,0.48,14.4
2052,144,40,69,4.78,329.82
2053,144,46,72,0.68,48.96
2054,144,25,97,47.31,4589.07
2055,144,30,97,46.91,4550.27
2056,144,35,91,4.47,406.77
2057,144,39,74,1.66,122.84
2058,144,19,52,0.72,37.44
